file,Feature,model,class,acc_mean,f1-macro_mean,auc_mean,time-s_mean
reddit,LIWC,cnb,JP,0.569975781,0.5632778172,0.5914870774,0.0177523136
reddit,LIWC,lgb,JP,0.5659969032,0.5588218224,0.5877256148,2.1625136849999995
reddit,LIWC,lgr,JP,0.584567708,0.5792683446,0.6109387564000001,0.139823532
reddit,LIWC,rf,JP,0.5884363938,0.5122335406,0.5779642442,1.0473702432
reddit,LIWC,svc,JP,0.5847880914,0.574178489,0.6043478592,30.156802606000003
reddit,char_tf,cnb,JP,0.5843446365471598,0.5789421577130338,0.6160242265476539,0.04852132797241211
reddit,char_tf,lgb,JP,0.6015945441607188,0.5847066417644309,0.615355176148948,22.948094367980957
reddit,char_tf,lgr,JP,0.5668818583570789,0.5611725927910691,0.5891176048173248,3.1615713119506834
reddit,char_tf,rf,JP,0.5968385207174685,0.48200484773005653,0.5878537287393366,1.765702724456787
reddit,char_tf,svc,JP,0.609107989823748,0.591180660463695,0.6266899951771567,435.9653832435608
reddit,char_tfidf,cnb,JP,0.5816917254,0.5763763094,0.6136481485999999,0.0545632362
reddit,char_tfidf,lgb,JP,0.6087769866,0.5912783302,0.6253674876,106.30769170599999
reddit,char_tfidf,lgr,JP,0.5659956814,0.5599489158,0.5869474882,5.4180569171999995
reddit,char_tfidf,rf,JP,0.5955104771999999,0.48365018640000007,0.5897592890000001,3.325183296
reddit,char_tfidf,svc,JP,0.6029173958,0.5927289446000001,0.6323646355999999,462.46199868
reddit,combo,cnb,JP,0.5732908202999736,0.571913335316,0.5932434188121158,0.15062766075134276
reddit,combo,lgb,JP,0.6028087921350889,0.5878320940546127,0.6246378490768245,184.25876159667968
reddit,combo,lgr,JP,0.5435542361855548,0.5363187612806668,0.5473477360275274,159.8671745300293
reddit,combo,rf,JP,0.6031388789630729,0.49599831532284117,0.5977073271634353,4.884522342681885
reddit,combo,svc,JP,0.5853410052255603,0.4505770137736477,0.5771319073619681,1771.2935012340545
reddit,word_tf,cnb,JP,0.584456416505563,0.5788301972372674,0.6123312894440323,0.04307880401611328
reddit,word_tf,lgb,JP,0.6022545956527979,0.5873523667213989,0.6163032317635632,22.687812709808348
reddit,word_tf,lgr,JP,0.5709717831957463,0.5648189826930308,0.5965137562755706,3.455382204055786
reddit,word_tf,rf,JP,0.5977206661596866,0.48483669211007363,0.596569524252901,1.7935636520385743
reddit,word_tf,svc,JP,0.6122037449340163,0.5947387945855757,0.6284072282667201,441.2071762561798
reddit,word_tfidf,cnb,JP,0.5837929446,0.5783790705999999,0.6106274304,0.0572462558
reddit,word_tfidf,lgb,JP,0.593963638,0.5789150813999999,0.6213257600000001,88.47537308
reddit,word_tfidf,lgr,JP,0.5680978166000001,0.5622182698,0.5910076515999999,6.2874026774
reddit,word_tfidf,rf,JP,0.600597015,0.4873631496,0.590293251,3.3954687118000004
reddit,word_tfidf,svc,JP,0.6063441542000001,0.5967924593999999,0.6346507124,498.66761628000006
reddit_noNN,LIWC,cnb,JP,0.5714122452,0.5657264594,0.5869622592,0.018549966800000005
reddit_noNN,LIWC,lgb,JP,0.5728491370000001,0.564511259,0.5894389542,3.2661153794
reddit_noNN,LIWC,lgr,JP,0.5772714084,0.5720959328,0.6065380212,0.178220129
reddit_noNN,LIWC,rf,JP,0.592084391,0.50967377,0.5846052609999999,1.0368807316
reddit_noNN,LIWC,svc,JP,0.5745066566,0.5681441361999999,0.5998151234,31.157744549999997
reddit_noNN,char_tf,cnb,JP,0.5741738819713588,0.571264261259938,0.6040518877957309,0.046578502655029295
reddit_noNN,char_tf,lgb,JP,0.5804772943141873,0.5680758249457718,0.5956905219314131,15.604795932769775
reddit_noNN,char_tf,lgr,JP,0.556930082552248,0.5509657295309156,0.5715983438925166,3.2003341197967528
reddit_noNN,char_tf,rf,JP,0.5925269905842182,0.46926826623554696,0.5680443539369283,1.7326674938201905
reddit_noNN,char_tf,svc,JP,0.6000426962791934,0.5822980950471642,0.61637993493091,451.36018748283385
reddit_noNN,char_tfidf,cnb,JP,0.5703049518000001,0.5670058318,0.6012788124,0.055450487199999995
reddit_noNN,char_tfidf,lgb,JP,0.5892100578,0.5746888216,0.6047005115999999,78.596173144
reddit_noNN,char_tfidf,lgr,JP,0.5542758278,0.5485689102,0.5709390702,4.610396242
reddit_noNN,char_tfidf,rf,JP,0.5967277182,0.4765462834,0.5855550144,3.0253628256
reddit_noNN,char_tfidf,svc,JP,0.5947366907999999,0.5862450584,0.6194831277999999,489.47970004
reddit_noNN,combo,cnb,JP,0.539021528331333,0.5377941305490956,0.5813095630127055,0.14999399185180665
reddit_noNN,combo,lgb,JP,0.5950681216385842,0.5809764651382596,0.6103922767633246,158.3591739177704
reddit_noNN,combo,lgr,JP,0.5409005311075072,0.5336434290008814,0.5429321831709287,110.0524347782135
reddit_noNN,combo,rf,JP,0.5959539319974712,0.4776327630128191,0.5778171835517493,4.878004026412964
reddit_noNN,combo,svc,JP,0.5821342031402228,0.47530202587260123,0.573814231891069,1773.303349018097
reddit_noNN,word_tf,cnb,JP,0.5730684820220567,0.5698775784926767,0.6011009782204181,0.04308443069458008
reddit_noNN,word_tf,lgb,JP,0.5883263852621485,0.5754461693292464,0.605509430864599,18.493404626846313
reddit_noNN,word_tf,lgr,JP,0.5558235831279453,0.5499083537600675,0.575879704722343,3.5684022903442383
reddit_noNN,word_tf,rf,JP,0.5981649762238531,0.47799632288294863,0.576812342472527,1.7940113544464111
reddit_noNN,word_tf,svc,JP,0.6036906321675843,0.5866226224412565,0.6181433523676454,455.5401346206665
reddit_noNN,word_tfidf,cnb,JP,0.5748369876,0.5701844014,0.5994299944,0.057445239999999995
reddit_noNN,word_tfidf,lgb,JP,0.5948488986,0.5781249794,0.6118142979999999,96.21883339999998
reddit_noNN,word_tfidf,lgr,JP,0.5523985966,0.5467862264000001,0.5670556736,6.109389686599999
reddit_noNN,word_tfidf,rf,JP,0.6009293618,0.480946381,0.5775196378,3.274312305400001
reddit_noNN,word_tfidf,svc,JP,0.5972803876,0.5893854284000001,0.6204455207999999,490.34493814000007
reddit_noNNnoSW,LIWC,cnb,JP,0.539905323,0.5358859872,0.5524533056,0.0171536446
reddit_noNNnoSW,LIWC,lgb,JP,0.5689806340000001,0.5619467706,0.5885261251999999,2.4730524540000003
reddit_noNNnoSW,LIWC,lgr,JP,0.5810303914,0.5763426505999999,0.6038685920000001,0.1670599938
reddit_noNNnoSW,LIWC,rf,JP,0.592417043,0.5101111664,0.5773954004,0.9715538023999999
reddit_noNNnoSW,LIWC,svc,JP,0.5720759616,0.5666022946,0.5982468602,28.547841549999998
reddit_noNNnoSW,char_tf,cnb,JP,0.5748376594620513,0.5718225989150463,0.6031001150890427,0.050469970703125
reddit_noNNnoSW,char_tf,lgb,JP,0.5847891909391043,0.5699154876089184,0.5972222140128202,19.43651399612427
reddit_noNNnoSW,char_tf,lgr,JP,0.5630099349782702,0.5572827316603753,0.5784640915917992,3.0918587684631342
reddit_noNNnoSW,char_tf,rf,JP,0.5931916232221337,0.4689331289477404,0.5727621046561635,1.6843726634979248
reddit_noNNnoSW,char_tf,svc,JP,0.59816357133913,0.5807322544185938,0.6166435029001004,437.87777252197264
reddit_noNNnoSW,char_tfidf,cnb,JP,0.5677616218000001,0.5647450662,0.6000818615999999,0.0508638382
reddit_noNNnoSW,char_tfidf,lgb,JP,0.5924148444,0.5753145102,0.6031098976,5853.728744888
reddit_noNNnoSW,char_tfidf,lgr,JP,0.5594721298,0.553576592,0.5776765156000001,4.0830037595999995
reddit_noNNnoSW,char_tfidf,rf,JP,0.593743071,0.47190162840000005,0.5720034735999999,2.9854869842
reddit_noNNnoSW,char_tfidf,svc,JP,0.5938531406,0.5849141732,0.6212830778,455.25631886
reddit_noNNnoSW,combo,cnb,JP,0.5336055755598924,0.5318258666744067,0.5790582925650378,0.14992852210998536
reddit_noNNnoSW,combo,lgb,JP,0.597169279446842,0.5799601442275444,0.6077887302539382,197.9623854637146
reddit_noNNnoSW,combo,lgr,JP,0.5363691059741196,0.5282619078044053,0.5395168776256953,5909.299302864075
reddit_noNNnoSW,combo,rf,JP,0.5959538098335824,0.47864671689461274,0.5755265173617787,4.89325704574585
reddit_noNNnoSW,combo,svc,JP,0.5873299555018034,0.4844542846470385,0.5733267315715096,1778.3132880210876
reddit_noNNnoSW,word_tf,cnb,JP,0.5689789236750562,0.565846734058803,0.5975900629972725,0.04806461334228516
reddit_noNNnoSW,word_tf,lgb,JP,0.5847876638904923,0.5714168266374721,0.6008944548089801,16.015307664871216
reddit_noNNnoSW,word_tf,lgr,JP,0.5625672741266046,0.5562985882132833,0.5783540475763135,3.1772351741790774
reddit_noNNnoSW,word_tf,rf,JP,0.5912006572417227,0.4660335566093627,0.5717450893466478,1.673312282562256
reddit_noNNnoSW,word_tf,svc,JP,0.5978321407083673,0.5792982297241408,0.6157742887995862,438.55876712799073
reddit_noNNnoSW,word_tfidf,cnb,JP,0.570415754,0.5665284562,0.5955110356,0.065444994
reddit_noNNnoSW,word_tfidf,lgb,JP,0.5854512582,0.5704007316,0.6038936498,92.48821436399999
reddit_noNNnoSW,word_tfidf,lgr,JP,0.5561540364,0.5502377486000001,0.5695037758000001,5.587250232600001
reddit_noNNnoSW,word_tfidf,rf,JP,0.5892108518000001,0.466068955,0.5643033236,3.2367849828000006
reddit_noNNnoSW,word_tfidf,svc,JP,0.5982746181999999,0.5901268698,0.6191110691999999,479.41843734
reddit_noSW,LIWC,cnb,JP,0.5451025412,0.5398499304000001,0.5563544949999999,0.018351268799999997
reddit_noSW,LIWC,lgb,JP,0.5714124282,0.5635703224,0.587506035,2.8606820581999997
reddit_noSW,LIWC,lgr,JP,0.5831306940000001,0.5787182024,0.6113567545999999,0.19826402660000003
reddit_noSW,LIWC,rf,JP,0.58887936,0.5100592762,0.5788772578000001,1.019102192
reddit_noSW,LIWC,svc,JP,0.5826879718,0.5753132178,0.6027560620000001,29.400223352
reddit_noSW,char_tf,cnb,JP,0.5827978584670264,0.5774077030134935,0.6158616737610698,0.04507613182067871
reddit_noSW,char_tf,lgb,JP,0.5999340925819032,0.5861095878447895,0.6135180569832368,18.282146596908568
reddit_noSW,char_tf,lgr,JP,0.5694237223947788,0.5632517354479024,0.5926840902190694,3.0404098510742186
reddit_noSW,char_tf,rf,JP,0.5973914955608696,0.48141906526221945,0.5871015763677577,1.77147216796875
reddit_noSW,char_tf,svc,JP,0.6063445204914654,0.589265437694934,0.6252875915693821,428.18101530075074
reddit_noSW,char_tfidf,cnb,JP,0.5825760090000001,0.5771826514,0.6128207783999999,0.0584467886
reddit_noSW,char_tfidf,lgb,JP,0.598496712,0.5816883066,0.6205648828,103.11704717
reddit_noSW,char_tfidf,lgr,JP,0.5710814249999999,0.564779375,0.59081571,5.106323862
reddit_noSW,char_tfidf,rf,JP,0.5952902767999999,0.48205072280000005,0.5967472612,3.1623142718000006
reddit_noSW,char_tfidf,svc,JP,0.6029177012,0.5930067554,0.631096845,466.25516798
reddit_noSW,combo,cnb,JP,0.5666574432930498,0.565491367382878,0.5901772435998659,0.1480018138885498
reddit_noSW,combo,lgb,JP,0.6039132758552236,0.5865327139618206,0.617336888175226,222.85108647346496
reddit_noSW,combo,lgr,JP,0.5464280195095731,0.5385734431991841,0.5486670386563924,349.3080135822296
reddit_noSW,combo,rf,JP,0.5971700124301756,0.4886311492924845,0.5884545044496365,4.929195928573608
reddit_noSW,combo,svc,JP,0.585561816454865,0.4460181037489601,0.5684288190087801,1754.75704870224
reddit_noSW,word_tf,cnb,JP,0.5771602393190585,0.5721856689954284,0.6086691966836236,0.047086334228515624
reddit_noSW,word_tf,lgb,JP,0.6003757150405126,0.585333686020465,0.6111373898855788,20.5126220703125
reddit_noSW,word_tf,lgr,JP,0.5714129780807442,0.5652820225339252,0.5945954385770398,3.2367309093475343
reddit_noSW,word_tf,rf,JP,0.5937432542627562,0.47918642518546034,0.5870451911391099,1.7873952865600586
reddit_noSW,word_tf,svc,JP,0.6075599290227804,0.5895486500252627,0.6251437387146216,429.15578360557555
reddit_noSW,word_tfidf,cnb,JP,0.5821340198,0.5768216016000001,0.6082037602000001,0.0666219234
reddit_noSW,word_tfidf,lgb,JP,0.6022559394,0.5857866046,0.619826428,101.82714258000001
reddit_noSW,word_tfidf,lgr,JP,0.5699770637999999,0.564031203,0.5941030646000001,5.6133143904
reddit_noSW,word_tfidf,rf,JP,0.5962852408,0.4822001964,0.5888435860000001,3.3909488199999998
reddit_noSW,word_tfidf,svc,JP,0.604575404,0.5948176506,0.633598614,467.32369872
