,file,cv_split#,class,Feature,model,CM,Acc,f1-macro,auc,time-s
25,kaggle_noNNnoSW,1,JP,LIWC,cnb,"[[576 468]
 [283 401]]",0.565393519,0.560889895,0.590207759,0.015957355
26,kaggle_noNNnoSW,1,JP,LIWC,rf,"[[960  84]
 [618  66]]",0.59375,0.445269414,0.566365727,0.7932260040000001
27,kaggle_noNNnoSW,1,JP,LIWC,lgr,"[[616 428]
 [303 381]]",0.576967593,0.568996291,0.587090531,0.11365771300000001
28,kaggle_noNNnoSW,1,JP,LIWC,svc,"[[579 465]
 [301 383]]",0.556712963,0.550935551,0.592603095,26.034310100000003
29,kaggle_noNNnoSW,1,JP,LIWC,lgb,"[[656 388]
 [326 358]]",0.5868055560000001,0.574140371,0.598265499,3.907142401
30,kaggle_noNNnoSW,2,JP,LIWC,cnb,"[[579 465]
 [283 401]]",0.56712963,0.562487222,0.588534315,0.01595664
31,kaggle_noNNnoSW,2,JP,LIWC,rf,"[[958  86]
 [601  83]]",0.6024305560000001,0.465340515,0.572500756,0.8966286179999999
32,kaggle_noNNnoSW,2,JP,LIWC,lgr,"[[601 443]
 [267 417]]",0.58912037,0.584408264,0.610221875,0.08934068699999999
33,kaggle_noNNnoSW,2,JP,LIWC,svc,"[[579 465]
 [278 406]]",0.570023148,0.5656697860000001,0.603522496,25.51331902
34,kaggle_noNNnoSW,2,JP,LIWC,lgb,"[[621 423]
 [309 375]]",0.576388889,0.5676261029999999,0.592977695,2.59559083
35,kaggle_noNNnoSW,3,JP,LIWC,cnb,"[[593 451]
 [305 378]]",0.562246671,0.555355304,0.571327196,0.015957594
36,kaggle_noNNnoSW,3,JP,LIWC,rf,"[[970  74]
 [620  63]]",0.598147076,0.44509046799999996,0.574122925,0.80879879
37,kaggle_noNNnoSW,3,JP,LIWC,lgr,"[[631 413]
 [309 374]]",0.58193399,0.572466124,0.596489457,0.08776283300000001
38,kaggle_noNNnoSW,3,JP,LIWC,svc,"[[604 440]
 [297 386]]",0.573248408,0.5663383879999999,0.596701222,25.17977381
39,kaggle_noNNnoSW,3,JP,LIWC,lgb,"[[653 391]
 [330 353]]",0.5825130279999999,0.569523071,0.590732513,2.3830502030000003
40,kaggle_noNNnoSW,4,JP,LIWC,cnb,"[[551 493]
 [285 398]]",0.5495078170000001,0.545944064,0.574981909,0.016953707
41,kaggle_noNNnoSW,4,JP,LIWC,rf,"[[978  66]
 [590  93]]",0.62015055,0.484877034,0.587533588,0.796799898
42,kaggle_noNNnoSW,4,JP,LIWC,lgr,"[[561 483]
 [250 433]]",0.5755645629999999,0.573220122,0.6169858579999999,0.10767746
43,kaggle_noNNnoSW,4,JP,LIWC,svc,"[[561 483]
 [251 432]]",0.574985524,0.572600853,0.618275385,25.00029278
44,kaggle_noNNnoSW,4,JP,LIWC,lgb,"[[582 462]
 [277 406]]",0.57209033,0.567599498,0.60016801,2.446996689
45,kaggle_noNNnoSW,5,JP,LIWC,cnb,"[[576 468]
 [306 377]]",0.551823972,0.545793169,0.57883857,0.015974045
46,kaggle_noNNnoSW,5,JP,LIWC,rf,"[[984  60]
 [618  65]]",0.6074116970000001,0.452327631,0.579742431,0.891656876
47,kaggle_noNNnoSW,5,JP,LIWC,lgr,"[[604 440]
 [295 388]]",0.574406485,0.567643083,0.59453448,0.102726698
48,kaggle_noNNnoSW,5,JP,LIWC,svc,"[[604 440]
 [288 395]]",0.5784597570000001,0.572194275,0.599898044,25.42212439
49,kaggle_noNNnoSW,5,JP,LIWC,lgb,"[[629 415]
 [331 352]]",0.5680370579999999,0.556630876,0.599550944,2.8658740519999997
50,kaggle_noNNnoSW,1,JP,char_tfidf,cnb,"[[693 351]
 [249 435]]",0.6527777779999999,0.644860966,0.705928895,0.04837656
51,kaggle_noNNnoSW,1,JP,char_tfidf,rf,"[[990  54]
 [473 211]]",0.695023148,0.617233601,0.7665453940000001,2.1692552569999997
52,kaggle_noNNnoSW,1,JP,char_tfidf,lgr,"[[705 339]
 [236 448]]",0.66724537,0.659718453,0.7354809440000001,2.197798491
53,kaggle_noNNnoSW,1,JP,char_tfidf,svc,"[[756 288]
 [225 459]]",0.703125,0.69408805,0.759318075,370.0571108
54,kaggle_noNNnoSW,1,JP,char_tfidf,lgb,"[[835 209]
 [235 449]]",0.743055556,0.72956107,0.801448265,77.26525879
55,kaggle_noNNnoSW,2,JP,char_tfidf,cnb,"[[683 361]
 [234 450]]",0.6556712960000001,0.649295032,0.69871838,0.039895058
56,kaggle_noNNnoSW,2,JP,char_tfidf,rf,"[[980  64]
 [445 239]]",0.705439815,0.639069754,0.768251748,2.1575598719999998
57,kaggle_noNNnoSW,2,JP,char_tfidf,lgr,"[[714 330]
 [242 442]]",0.668981481,0.660571429,0.727638861,2.142867565
58,kaggle_noNNnoSW,2,JP,char_tfidf,svc,"[[724 320]
 [198 486]]",0.700231481,0.6944349240000001,0.766140687,373.48273539999997
59,kaggle_noNNnoSW,2,JP,char_tfidf,lgb,"[[817 227]
 [224 460]]",0.73900463,0.72736804,0.8084011109999999,84.21811342
60,kaggle_noNNnoSW,3,JP,char_tfidf,cnb,"[[716 328]
 [261 422]]",0.658946149,0.648767149,0.703196962,0.040890694
61,kaggle_noNNnoSW,3,JP,char_tfidf,rf,"[[981  63]
 [489 194]]",0.680370585,0.596597776,0.7581410609999999,2.255101442
62,kaggle_noNNnoSW,3,JP,char_tfidf,lgr,"[[724 320]
 [277 406]]",0.654313839,0.642181852,0.702435447,2.184437752
63,kaggle_noNNnoSW,3,JP,char_tfidf,svc,"[[752 292]
 [246 437]]",0.6884771279999999,0.67775649,0.748078681,372.60392169999994
64,kaggle_noNNnoSW,3,JP,char_tfidf,lgb,"[[826 218]
 [237 446]]",0.7365373479999999,0.72313274,0.8001842779999999,86.31036687
65,kaggle_noNNnoSW,4,JP,char_tfidf,cnb,"[[677 367]
 [226 457]]",0.656629994,0.650965925,0.708667811,0.04288435
66,kaggle_noNNnoSW,4,JP,char_tfidf,rf,"[[1009   35]
 [ 486  197]]",0.698320787,0.6127010979999999,0.762705946,2.313872337
67,kaggle_noNNnoSW,4,JP,char_tfidf,lgr,"[[715 329]
 [236 447]]",0.67284308,0.664770219,0.7244506709999999,2.345317364
68,kaggle_noNNnoSW,4,JP,char_tfidf,svc,"[[741 303]
 [215 468]]",0.700057904,0.6923707020000001,0.754096475,381.2176354
69,kaggle_noNNnoSW,4,JP,char_tfidf,lgb,"[[834 210]
 [229 454]]",0.7458019690000001,0.7328687309999999,0.809681482,88.15201759
70,kaggle_noNNnoSW,5,JP,char_tfidf,cnb,"[[700 344]
 [235 448]]",0.664736537,0.657442811,0.717406304,0.046875
71,kaggle_noNNnoSW,5,JP,char_tfidf,rf,"[[990  54]
 [492 191]]",0.683844818,0.597742956,0.751257272,2.269979239
72,kaggle_noNNnoSW,5,JP,char_tfidf,lgr,"[[698 346]
 [255 428]]",0.651997684,0.643278576,0.7054155940000001,2.167252064
73,kaggle_noNNnoSW,5,JP,char_tfidf,svc,"[[742 302]
 [233 450]]",0.6902142440000001,0.681097518,0.752977342,367.4573796
74,kaggle_noNNnoSW,5,JP,char_tfidf,lgb,"[[810 234]
 [240 443]]",0.725535611,0.712554778,0.788137471,96.11439538
75,kaggle_noNNnoSW,1,JP,word_tfidf,cnb,"[[690 354]
 [239 445]]",0.6568287039999999,0.649788668,0.7116074029999999,0.042885065
76,kaggle_noNNnoSW,1,JP,word_tfidf,rf,"[[989  55]
 [476 208]]",0.692708333,0.61382192,0.7651961359999999,2.257906437
77,kaggle_noNNnoSW,1,JP,word_tfidf,lgr,"[[728 316]
 [256 428]]",0.668981481,0.658694247,0.724339585,2.524710655
78,kaggle_noNNnoSW,1,JP,word_tfidf,svc,"[[764 280]
 [218 466]]",0.711805556,0.702971855,0.7558059420000001,369.9126
79,kaggle_noNNnoSW,1,JP,word_tfidf,lgb,"[[806 238]
 [239 445]]",0.723958333,0.7113608990000001,0.793564171,76.74419713
80,kaggle_noNNnoSW,2,JP,word_tfidf,cnb,"[[677 367]
 [221 463]]",0.6597222220000001,0.654422098,0.7105893329999999,0.048868895
81,kaggle_noNNnoSW,2,JP,word_tfidf,rf,"[[984  60]
 [471 213]]",0.692708333,0.616328036,0.766164493,2.4490208630000003
82,kaggle_noNNnoSW,2,JP,word_tfidf,lgr,"[[708 336]
 [248 436]]",0.662037037,0.653450549,0.730663664,2.748446703
83,kaggle_noNNnoSW,2,JP,word_tfidf,svc,"[[720 324]
 [214 470]]",0.688657407,0.682001338,0.763409962,376.6370935
84,kaggle_noNNnoSW,2,JP,word_tfidf,lgb,"[[794 250]
 [222 462]]",0.726851852,0.7163824520000001,0.797151924,71.07125807
85,kaggle_noNNnoSW,3,JP,word_tfidf,cnb,"[[696 348]
 [252 431]]",0.652576723,0.6441992320000001,0.708851528,0.04488039
86,kaggle_noNNnoSW,3,JP,word_tfidf,rf,"[[995  49]
 [489 194]]",0.6884771279999999,0.603095012,0.75053853,2.38220191
87,kaggle_noNNnoSW,3,JP,word_tfidf,lgr,"[[730 314]
 [276 407]]",0.658367111,0.645983601,0.709705604,2.743003845
88,kaggle_noNNnoSW,3,JP,word_tfidf,svc,"[[753 291]
 [233 450]]",0.696583671,0.6869471970000001,0.746897842,372.09555839999996
89,kaggle_noNNnoSW,3,JP,word_tfidf,lgb,"[[807 237]
 [247 436]]",0.719745223,0.706185973,0.787612965,65.7761569
90,kaggle_noNNnoSW,4,JP,word_tfidf,cnb,"[[697 347]
 [221 462]]",0.6711059640000001,0.66490122,0.7246049379999999,0.03989315
91,kaggle_noNNnoSW,4,JP,word_tfidf,rf,"[[1000   44]
 [ 492  191]]",0.689635206,0.602382769,0.760132501,2.329840899
92,kaggle_noNNnoSW,4,JP,word_tfidf,lgr,"[[730 314]
 [240 443]]",0.679212507,0.67010165,0.7344092720000001,2.7444989680000003
93,kaggle_noNNnoSW,4,JP,word_tfidf,svc,"[[746 298]
 [226 457]]",0.696583671,0.6878421859999999,0.7611170009999999,374.6193306
94,kaggle_noNNnoSW,4,JP,word_tfidf,lgb,"[[827 217]
 [232 451]]",0.740011581,0.7270745359999999,0.7863816379999999,95.16370440000001
95,kaggle_noNNnoSW,5,JP,word_tfidf,cnb,"[[701 343]
 [239 444]]",0.662999421,0.655367429,0.716880396,0.043883562
96,kaggle_noNNnoSW,5,JP,word_tfidf,rf,"[[966  78]
 [483 200]]",0.6751592359999999,0.5956015029999999,0.753947117,2.397040606
97,kaggle_noNNnoSW,5,JP,word_tfidf,lgr,"[[697 347]
 [246 437]]",0.656629994,0.648666914,0.714616886,2.577800274
98,kaggle_noNNnoSW,5,JP,word_tfidf,svc,"[[741 303]
 [229 454]]",0.691951361,0.683202306,0.750397587,373.3136933
99,kaggle_noNNnoSW,5,JP,word_tfidf,lgb,"[[817 227]
 [249 434]]",0.724377533,0.710120458,0.788084179,160.870661
0,kaggle_noNNnoSW,1,JP,combo,cnb,"[[702 342]
 [255 429]]",0.6545138888888888,0.6456699485308892,0.7119630973986691,0.13962697982788086
1,kaggle_noNNnoSW,1,JP,combo,rf,"[[971  73]
 [399 285]]",0.7268518518518519,0.6757494271261529,0.7895240976003226,3.190510034561157
2,kaggle_noNNnoSW,1,JP,combo,lgr,"[[721 323]
 [272 412]]",0.6556712962962963,0.6442972036354919,0.6955185297214941,18.657707929611206
3,kaggle_noNNnoSW,1,JP,combo,svc,"[[771 273]
 [224 460]]",0.7123842592592593,0.7027560315554521,0.7626026472631131,1421.4221496582031
4,kaggle_noNNnoSW,1,JP,combo,lgb,"[[817 227]
 [230 454]]",0.7355324074074074,0.7233228751162754,0.8042672133718717,161.47898864746094
5,kaggle_noNNnoSW,2,JP,combo,cnb,"[[684 360]
 [228 456]]",0.6597222222222222,0.6536932515337424,0.7074349947346015,0.1625652313232422
6,kaggle_noNNnoSW,2,JP,combo,rf,"[[947  97]
 [391 293]]",0.7175925925925926,0.6703769894319125,0.7813886368219399,3.6602768898010254
7,kaggle_noNNnoSW,2,JP,combo,lgr,"[[713 331]
 [259 425]]",0.6585648148148148,0.6488095238095238,0.705344939615962,19.684779644012448
8,kaggle_noNNnoSW,2,JP,combo,svc,"[[727 317]
 [191 493]]",0.7060185185185185,0.7005268781548211,0.7732755819945777,1468.4438729286194
9,kaggle_noNNnoSW,2,JP,combo,lgb,"[[834 210]
 [219 465]]",0.7517361111111112,0.7398743711451553,0.8166437005668706,209.59269523620603
10,kaggle_noNNnoSW,3,JP,combo,cnb,"[[712 332]
 [261 422]]",0.6566299942096121,0.6466668667750701,0.7094026803094304,0.1550900936126709
11,kaggle_noNNnoSW,3,JP,combo,rf,"[[968  76]
 [415 268]]",0.7156919513607412,0.6598005479575162,0.7918524876166113,3.7041535377502437
12,kaggle_noNNnoSW,3,JP,combo,lgr,"[[714 330]
 [297 386]]",0.6369426751592356,0.6233566207353531,0.6837804255510116,21.824828386306766
13,kaggle_noNNnoSW,3,JP,combo,svc,"[[765 279]
 [244 439]]",0.6971627099015634,0.6859730350563737,0.7541048899659492,1447.626799106598
14,kaggle_noNNnoSW,3,JP,combo,lgb,"[[815 229]
 [227 456]]",0.7359583092067169,0.7240332374560563,0.8039245384628331,178.0140016078949
15,kaggle_noNNnoSW,4,JP,combo,cnb,"[[693 351]
 [219 464]]",0.6699478865083961,0.6640408069655246,0.7212377217930809,0.1376328468322754
16,kaggle_noNNnoSW,4,JP,combo,rf,"[[971  73]
 [413 270]]",0.7185871453387377,0.6630755224139426,0.7864230098225656,3.210402011871338
17,kaggle_noNNnoSW,4,JP,combo,lgr,"[[711 333]
 [254 429]]",0.6601042269832079,0.6507932297739756,0.7091740854804418,18.87640953063965
18,kaggle_noNNnoSW,4,JP,combo,svc,"[[744 300]
 [225 458]]",0.6960046323103648,0.6874324524180612,0.7625320453487263,1440.7844803333282
19,kaggle_noNNnoSW,4,JP,combo,lgb,"[[855 189]
 [240 443]]",0.7515923566878981,0.7366016243687307,0.8077559560873541,295.07749438285833
20,kaggle_noNNnoSW,5,JP,combo,cnb,"[[721 323]
 [234 449]]",0.6774753908511869,0.6692714054621813,0.7250445970279866,0.14764094352722168
21,kaggle_noNNnoSW,5,JP,combo,rf,"[[961  83]
 [420 263]]",0.7087434858135495,0.6518766092593149,0.7626736899973634,3.5166716575622563
22,kaggle_noNNnoSW,5,JP,combo,lgr,"[[709 335]
 [289 394]]",0.6386797915460336,0.6262454461964468,0.6902582139871989,19.03170895576477
23,kaggle_noNNnoSW,5,JP,combo,svc,"[[756 288]
 [228 455]]",0.7012159814707586,0.6918553988895989,0.7608877052444982,1406.389104127884
24,kaggle_noNNnoSW,5,JP,combo,lgb,"[[812 232]
 [241 442]]",0.7261146496815286,0.7129383345474761,0.7968366963419218,262.0161080360413
25,kaggle_noNNnoSW,1,JP,char_tf,cnb,"[[704 340]
 [252 432]]",0.6574074074074074,0.6487032967032967,0.7062271739373979,0.0489041805267334
26,kaggle_noNNnoSW,1,JP,char_tf,rf,"[[988  56]
 [492 192]]",0.6828703703703703,0.5974507390000203,0.7727798503282471,1.3309783935546875
27,kaggle_noNNnoSW,1,JP,char_tf,lgr,"[[710 334]
 [235 449]]",0.6707175925925926,0.6630301011390871,0.7332123411978222,2.1511733531951904
28,kaggle_noNNnoSW,1,JP,char_tf,svc,"[[763 281]
 [235 449]]",0.7013888888888888,0.6911921778437813,0.7583126078286393,362.59073090553284
29,kaggle_noNNnoSW,1,JP,char_tf,lgb,"[[821 223]
 [239 445]]",0.7326388888888888,0.7193511373096046,0.8037392731509488,10.08019208908081
30,kaggle_noNNnoSW,2,JP,char_tf,cnb,"[[691 353]
 [236 448]]",0.6591435185185185,0.652266961856003,0.6982772624409044,0.040891408920288086
31,kaggle_noNNnoSW,2,JP,char_tf,rf,"[[985  59]
 [454 230]]",0.703125,0.6330798660076599,0.7838140810199188,1.1819493770599363
32,kaggle_noNNnoSW,2,JP,char_tf,lgr,"[[712 332]
 [238 446]]",0.6701388888888888,0.6621327731484468,0.728126190316148,2.1885769367218018
33,kaggle_noNNnoSW,2,JP,char_tf,svc,"[[719 325]
 [200 484]]",0.6961805555555556,0.6904556123516127,0.7649818791871121,362.91305232048035
34,kaggle_noNNnoSW,2,JP,char_tf,lgb,"[[818 226]
 [224 460]]",0.7395833333333334,0.7279044866366671,0.8167627321816674,14.531812906265259
35,kaggle_noNNnoSW,3,JP,char_tf,cnb,"[[718 326]
 [264 419]]",0.6583671105964101,0.6478102593455941,0.7027131261114197,0.0438833236694336
36,kaggle_noNNnoSW,3,JP,char_tf,rf,"[[990  54]
 [493 190]]",0.6832657788071801,0.5967311397212158,0.7658221279794462,1.181387424468994
37,kaggle_noNNnoSW,3,JP,char_tf,lgr,"[[724 320]
 [267 416]]",0.6601042269832079,0.6489381559149001,0.7047929183285371,2.094317674636841
38,kaggle_noNNnoSW,3,JP,char_tf,svc,"[[760 284]
 [253 430]]",0.6890561667631732,0.6772725358771088,0.7472989347200485,362.5722360610962
39,kaggle_noNNnoSW,3,JP,char_tf,lgb,"[[818 226]
 [231 452]]",0.7353792704111175,0.7229353083105119,0.8047828208882382,11.739259719848633
40,kaggle_noNNnoSW,4,JP,char_tf,cnb,"[[685 359]
 [228 455]]",0.6601042269832079,0.6539667650750317,0.7086860425326624,0.038895368576049805
41,kaggle_noNNnoSW,4,JP,char_tf,rf,"[[997  47]
 [491 192]]",0.6884771279675739,0.6020028237261534,0.7598421994468847,1.167881965637207
42,kaggle_noNNnoSW,4,JP,char_tf,lgr,"[[719 325]
 [241 442]]",0.6722640416907932,0.6636100213366372,0.7244394518211854,2.3500771522521973
43,kaggle_noNNnoSW,4,JP,char_tf,svc,"[[747 297]
 [222 461]]",0.6994788650839606,0.6910046529618548,0.7544176301307619,360.42079043388367
44,kaggle_noNNnoSW,4,JP,char_tf,lgb,"[[826 218]
 [235 448]]",0.7376954255935148,0.7244969001406867,0.8031658280181531,16.500543117523193
45,kaggle_noNNnoSW,5,JP,char_tf,cnb,"[[704 340]
 [239 444]]",0.6647365373480023,0.6569614560080195,0.7174946567711752,0.04587554931640625
46,kaggle_noNNnoSW,5,JP,char_tf,rf,"[[980  64]
 [470 213]]",0.690793283149971,0.6148180633520449,0.752308387046106,1.142402172088623
47,kaggle_noNNnoSW,5,JP,char_tf,lgr,"[[705 339]
 [259 424]]",0.6537348002316156,0.6443183007940575,0.7089721366744641,2.026938438415528
48,kaggle_noNNnoSW,5,JP,char_tf,svc,"[[748 296]
 [236 447]]",0.6919513607411697,0.6823005275373384,0.754274583059861,360.9258031845093
49,kaggle_noNNnoSW,5,JP,char_tf,lgb,"[[792 252]
 [229 454]]",0.7214823393167342,0.7103889606507023,0.789071484267627,18.900153398513797
50,kaggle_noNNnoSW,1,JP,word_tf,cnb,"[[711 333]
 [257 427]]",0.6585648148148148,0.6490860928611158,0.7158449284129864,0.0429222583770752
51,kaggle_noNNnoSW,1,JP,word_tf,rf,"[[982  62]
 [466 218]]",0.6944444444444444,0.6202020740227651,0.7678680457529521,1.1629281044006348
52,kaggle_noNNnoSW,1,JP,word_tf,lgr,"[[728 316]
 [249 435]]",0.6730324074074074,0.6633536025047111,0.7247835024982635,2.312747001647949
53,kaggle_noNNnoSW,1,JP,word_tf,svc,"[[773 271]
 [228 456]]",0.7112268518518519,0.7011701631782415,0.7566580683829626,357.7574896812439
54,kaggle_noNNnoSW,1,JP,word_tf,lgb,"[[827 217]
 [242 442]]",0.734375,0.7205005780970126,0.7965595662207882,14.903636932373047
55,kaggle_noNNnoSW,2,JP,word_tf,cnb,"[[679 365]
 [227 457]]",0.6574074074074074,0.6516579834508122,0.7186862830767853,0.03889679908752442
56,kaggle_noNNnoSW,2,JP,word_tf,rf,"[[968  76]
 [448 236]]",0.6967592592592593,0.6304437261240082,0.7703712105935336,1.1515440940856934
57,kaggle_noNNnoSW,2,JP,word_tf,lgr,"[[745 299]
 [237 447]]",0.6898148148148148,0.6803070572073533,0.7413330980708476,2.294004201889038
58,kaggle_noNNnoSW,2,JP,word_tf,svc,"[[737 307]
 [214 470]]",0.6984953703703703,0.691121026385265,0.7706617877708318,358.90250849723816
59,kaggle_noNNnoSW,2,JP,word_tf,lgb,"[[796 248]
 [212 472]]",0.7337962962962963,0.7240965662018293,0.8090956958168091,14.209208488464355
60,kaggle_noNNnoSW,3,JP,word_tf,cnb,"[[725 319]
 [266 417]]",0.6612623045744065,0.6501342780412548,0.7170907591592198,0.0388944149017334
61,kaggle_noNNnoSW,3,JP,word_tf,rf,"[[992  52]
 [476 207]]",0.6942675159235668,0.6146496815286624,0.7613519070137942,1.201009750366211
62,kaggle_noNNnoSW,3,JP,word_tf,lgr,"[[728 316]
 [256 427]]",0.6687898089171974,0.6584133491566871,0.7111879638511638,2.2739243507385254
63,kaggle_noNNnoSW,3,JP,word_tf,svc,"[[761 283]
 [255 428]]",0.6884771279675739,0.6764476048529761,0.7523266185355346,357.9411072731018
64,kaggle_noNNnoSW,3,JP,word_tf,lgb,"[[810 234]
 [222 461]]",0.7359583092067169,0.7247162260795155,0.7920951066682373,8.008194208145143
65,kaggle_noNNnoSW,4,JP,word_tf,cnb,"[[715 329]
 [229 454]]",0.6768963520555877,0.6693441686956665,0.7299818246074621,0.037899017333984375
66,kaggle_noNNnoSW,4,JP,word_tf,rf,"[[976  68]
 [478 205]]",0.6838448176027794,0.6051477164995595,0.7524956104183145,1.0724263191223145
67,kaggle_noNNnoSW,4,JP,word_tf,lgr,"[[709 335]
 [237 446]]",0.6687898089171974,0.6609262157783453,0.7284153189388711,2.262300968170166
68,kaggle_noNNnoSW,4,JP,word_tf,svc,"[[755 289]
 [229 454]]",0.7000579038795599,0.6906610399705664,0.7599095157155439,357.37763047218317
69,kaggle_noNNnoSW,4,JP,word_tf,lgb,"[[813 231]
 [222 461]]",0.7376954255935148,0.7263261183261183,0.7972307769980308,14.613065958023071
70,kaggle_noNNnoSW,5,JP,word_tf,cnb,"[[723 321]
 [226 457]]",0.6832657788071801,0.6755691463585932,0.7363544313738689,0.04089069366455078
71,kaggle_noNNnoSW,5,JP,word_tf,rf,"[[978  66]
 [462 221]]",0.6942675159235668,0.6215548583096768,0.7681185944363104,1.200788497924805
72,kaggle_noNNnoSW,5,JP,word_tf,lgr,"[[673 371]
 [248 435]]",0.6415749855240301,0.6346360161113646,0.7094096924207491,2.3051917552948
73,kaggle_noNNnoSW,5,JP,word_tf,svc,"[[753 291]
 [229 454]]",0.6988998262883613,0.6895954828130659,0.7582974313233818,363.34297227859497
74,kaggle_noNNnoSW,5,JP,word_tf,lgb,"[[821 223]
 [243 440]]",0.7301679212507238,0.7163631929309133,0.7931875936116861,21.368568897247318
25,kaggle_noNN,1,JP,LIWC,cnb,"[[587 457]
 [293 391]]",0.5659722220000001,0.560315487,0.596433813,0.015956879
26,kaggle_noNN,1,JP,LIWC,rf,"[[971  73]
 [606  78]]",0.607060185,0.46388246,0.595436748,0.9966027740000001
27,kaggle_noNN,1,JP,LIWC,lgr,"[[610 434]
 [287 397]]",0.58275463,0.576317199,0.6031626,0.133622885
28,kaggle_noNN,1,JP,LIWC,svc,"[[592 452]
 [277 407]]",0.578125,0.573233452,0.608663261,24.03331041
29,kaggle_noNN,1,JP,LIWC,lgb,"[[651 393]
 [338 346]]",0.576967593,0.5633647070000001,0.586699827,4.2322514060000005
30,kaggle_noNN,2,JP,LIWC,cnb,"[[586 458]
 [297 387]]",0.5630787039999999,0.557206242,0.587436423,0.016953945
31,kaggle_noNN,2,JP,LIWC,rf,"[[967  77]
 [601  83]]",0.607638889,0.46855562700000003,0.592505069,0.9232420920000001
32,kaggle_noNN,2,JP,LIWC,lgr,"[[596 448]
 [275 409]]",0.5815972220000001,0.576639224,0.60771941,0.126642704
33,kaggle_noNN,2,JP,LIWC,svc,"[[576 468]
 [281 403]]",0.566550926,0.562162409,0.598514766,23.68935704
34,kaggle_noNN,2,JP,LIWC,lgb,"[[600 444]
 [307 377]]",0.565393519,0.558032937,0.591305651,2.05600667
35,kaggle_noNN,3,JP,LIWC,cnb,"[[599 445]
 [318 365]]",0.558193399,0.549930613,0.577517488,0.015956163
36,kaggle_noNN,3,JP,LIWC,rf,"[[977  67]
 [603  80]]",0.6120440070000001,0.46871785899999996,0.561493411,0.924565792
37,kaggle_noNN,3,JP,LIWC,lgr,"[[610 434]
 [311 372]]",0.568616097,0.5602646720000001,0.595887817,0.147859573
38,kaggle_noNN,3,JP,LIWC,svc,"[[606 438]
 [294 389]]",0.576143602,0.569344289,0.59873193,23.53476548
39,kaggle_noNN,3,JP,LIWC,lgb,"[[611 433]
 [337 346]]",0.554140127,0.543389014,0.58019331,2.3616602419999997
40,kaggle_noNN,4,JP,LIWC,cnb,"[[572 472]
 [277 406]]",0.566299942,0.56225556,0.593806623,0.015956879
41,kaggle_noNN,4,JP,LIWC,rf,"[[969  75]
 [606  77]]",0.60567458,0.462204114,0.5894948760000001,0.904838562
42,kaggle_noNN,4,JP,LIWC,lgr,"[[562 482]
 [290 393]]",0.55298205,0.548659972,0.617427621,0.136591196
43,kaggle_noNN,4,JP,LIWC,svc,"[[564 480]
 [258 425]]",0.572669369,0.5698830460000001,0.612479875,24.0299623
44,kaggle_noNN,4,JP,LIWC,lgb,"[[674 370]
 [344 339]]",0.5865663000000001,0.570401602,0.603794674,5.18516326
45,kaggle_noNN,5,JP,LIWC,cnb,"[[592 452]
 [289 394]]",0.5709322520000001,0.5652172289999999,0.598159742,0.015955925
46,kaggle_noNN,5,JP,LIWC,rf,"[[961  83]
 [608  75]]",0.599884192,0.45695605,0.588056692,0.89115119
47,kaggle_noNN,5,JP,LIWC,lgr,"[[596 448]
 [291 392]]",0.57209033,0.566035105,0.600883246,0.118683815
48,kaggle_noNN,5,JP,LIWC,svc,"[[589 455]
 [302 381]]",0.561667632,0.555215675,0.6040891829999999,23.84038305
49,kaggle_noNN,5,JP,LIWC,lgb,"[[655 389]
 [341 342]]",0.577301679,0.562945475,0.599004,3.911565065
50,kaggle_noNN,1,JP,char_tfidf,cnb,"[[698 346]
 [248 436]]",0.65625,0.648161682,0.711750241,0.045904875
51,kaggle_noNN,1,JP,char_tfidf,rf,"[[988  56]
 [473 211]]",0.693865741,0.6162828920000001,0.772525683,2.0730051990000002
52,kaggle_noNN,1,JP,char_tfidf,lgr,"[[716 328]
 [242 442]]",0.670138889,0.661631354,0.730792498,2.172763824
53,kaggle_noNN,1,JP,char_tfidf,svc,"[[767 277]
 [233 451]]",0.7048611109999999,0.694649718,0.763150193,350.0325944
54,kaggle_noNN,1,JP,char_tfidf,lgb,"[[831 213]
 [240 444]]",0.7378472220000001,0.7240039979999999,0.804261612,56.89541221
55,kaggle_noNN,2,JP,char_tfidf,cnb,"[[675 369]
 [240 444]]",0.6475694439999999,0.641156739,0.703168762,0.037898064
56,kaggle_noNN,2,JP,char_tfidf,rf,"[[996  48]
 [455 229]]",0.708912037,0.637491841,0.77838764,2.060725451
57,kaggle_noNN,2,JP,char_tfidf,lgr,"[[702 342]
 [234 450]]",0.666666667,0.659423503,0.734021756,2.360284328
58,kaggle_noNN,2,JP,char_tfidf,svc,"[[730 314]
 [199 485]]",0.703125,0.6970347159999999,0.77127165,351.3875637
59,kaggle_noNN,2,JP,char_tfidf,lgb,"[[826 218]
 [215 469]]",0.749421296,0.7382491379999999,0.814429713,71.06642151
60,kaggle_noNN,3,JP,char_tfidf,cnb,"[[716 328]
 [266 417]]",0.656050955,0.645422532,0.708541593,0.04886961
61,kaggle_noNN,3,JP,char_tfidf,rf,"[[983  61]
 [481 202]]",0.686160973,0.605476429,0.763741635,2.385170221
62,kaggle_noNN,3,JP,char_tfidf,lgr,"[[723 321]
 [275 408]]",0.654892878,0.643016484,0.713323853,2.2582359309999998
63,kaggle_noNN,3,JP,char_tfidf,svc,"[[761 283]
 [245 438]]",0.6942675159999999,0.6831853240000001,0.753794253,350.3623796
64,kaggle_noNN,3,JP,char_tfidf,lgb,"[[811 233]
 [228 455]]",0.733063115,0.7212168390000001,0.800992074,59.18021846
65,kaggle_noNN,4,JP,char_tfidf,cnb,"[[684 360]
 [226 457]]",0.660683266,0.654717844,0.714086771,0.036901236000000004
66,kaggle_noNN,4,JP,char_tfidf,rf,"[[993  51]
 [479 204]]",0.693109438,0.612158094,0.764289982,2.077502489
67,kaggle_noNN,4,JP,char_tfidf,lgr,"[[697 347]
 [242 441]]",0.658946149,0.6512837020000001,0.7272527109999999,2.129837036
68,kaggle_noNN,4,JP,char_tfidf,svc,"[[739 305]
 [219 464]]",0.696583671,0.6886900979999999,0.758286913,349.4692585
69,kaggle_noNN,4,JP,char_tfidf,lgb,"[[814 230]
 [232 451]]",0.732484076,0.720118846,0.807461447,76.00971079
70,kaggle_noNN,5,JP,char_tfidf,cnb,"[[698 346]
 [239 444]]",0.661262305,0.653772961,0.718786288,0.052859545
71,kaggle_noNN,5,JP,char_tfidf,rf,"[[984  60]
 [468 215]]",0.6942675159999999,0.618656656,0.7678857920000001,2.275027514
72,kaggle_noNN,5,JP,char_tfidf,lgr,"[[708 336]
 [260 423]]",0.654892878,0.645231248,0.705726932,2.145411015
73,kaggle_noNN,5,JP,char_tfidf,svc,"[[742 302]
 [249 434]]",0.680949624,0.6704683539999999,0.74752192,349.807591
74,kaggle_noNN,5,JP,char_tfidf,lgb,"[[816 228]
 [246 437]]",0.725535611,0.7116483640000001,0.787845767,129.9222312
75,kaggle_noNN,1,JP,word_tfidf,cnb,"[[710 334]
 [244 440]]",0.665509259,0.65713862,0.7273237770000001,0.040891171000000004
76,kaggle_noNN,1,JP,word_tfidf,rf,"[[987  57]
 [494 190]]",0.681134259,0.5949727220000001,0.759558939,2.4509902
77,kaggle_noNN,1,JP,word_tfidf,lgr,"[[735 309]
 [249 435]]",0.677083333,0.667047884,0.7254458779999999,2.811213017
78,kaggle_noNN,1,JP,word_tfidf,svc,"[[765 279]
 [234 450]]",0.703125,0.692920677,0.761337411,351.00093030000005
79,kaggle_noNN,1,JP,word_tfidf,lgb,"[[830 214]
 [238 446]]",0.7384259259999999,0.724837662,0.792840178,77.01309443
80,kaggle_noNN,2,JP,word_tfidf,cnb,"[[685 359]
 [225 459]]",0.662037037,0.656155491,0.7237514279999999,0.047872305
81,kaggle_noNN,2,JP,word_tfidf,rf,"[[997  47]
 [470 214]]",0.700810185,0.6235079929999999,0.7682139379999999,2.441976547
82,kaggle_noNN,2,JP,word_tfidf,lgr,"[[732 312]
 [242 442]]",0.679398148,0.6701067310000001,0.7445707579999999,2.993499279
83,kaggle_noNN,2,JP,word_tfidf,svc,"[[734 310]
 [207 477]]",0.700810185,0.694042504,0.76709434,351.6040859
84,kaggle_noNN,2,JP,word_tfidf,lgb,"[[801 243]
 [220 464]]",0.732060185,0.721466432,0.79487772,71.99312329
85,kaggle_noNN,3,JP,word_tfidf,cnb,"[[712 332]
 [244 439]]",0.666473654,0.657925722,0.725554378,0.040890932000000005
86,kaggle_noNN,3,JP,word_tfidf,rf,"[[987  57]
 [494 189]]",0.680949624,0.594335653,0.735113288,2.356742144
87,kaggle_noNN,3,JP,word_tfidf,lgr,"[[745 299]
 [267 416]]",0.672264042,0.65992204,0.7170024070000001,2.850487947
88,kaggle_noNN,3,JP,word_tfidf,svc,"[[746 298]
 [232 451]]",0.693109438,0.6838857759999999,0.750412312,349.26086380000004
89,kaggle_noNN,3,JP,word_tfidf,lgb,"[[810 234]
 [235 448]]",0.728430805,0.7159504609999999,0.787699915,70.74498844
90,kaggle_noNN,4,JP,word_tfidf,cnb,"[[696 348]
 [207 476]]",0.678633468,0.6733323590000001,0.74106096,0.043882608
91,kaggle_noNN,4,JP,word_tfidf,rf,"[[990  54]
 [496 187]]",0.6815286620000001,0.5936853,0.757493843,2.490016937
92,kaggle_noNN,4,JP,word_tfidf,lgr,"[[718 326]
 [249 434]]",0.6670526929999999,0.657798601,0.721442475,2.961241007
93,kaggle_noNN,4,JP,word_tfidf,svc,"[[719 325]
 [203 480]]",0.6942675159999999,0.688297837,0.762055222,351.5566869
94,kaggle_noNN,4,JP,word_tfidf,lgb,"[[818 226]
 [242 441]]",0.729009844,0.715449937,0.787911681,87.23895001
95,kaggle_noNN,5,JP,word_tfidf,cnb,"[[713 331]
 [227 456]]",0.676896352,0.669579082,0.730950898,0.040891409
96,kaggle_noNN,5,JP,word_tfidf,rf,"[[980  64]
 [481 202]]",0.6844238559999999,0.604073202,0.738555533,2.382395744
97,kaggle_noNN,5,JP,word_tfidf,lgr,"[[693 351]
 [257 426]]",0.6479444120000001,0.63932345,0.706669359,2.92622304
98,kaggle_noNN,5,JP,word_tfidf,svc,"[[737 307]
 [223 460]]",0.693109438,0.68500585,0.7467561970000001,349.3844492
99,kaggle_noNN,5,JP,word_tfidf,lgb,"[[805 239]
 [240 443]]",0.722640417,0.7098939679999999,0.77927837,114.64829850000001
0,kaggle_noNN,1,JP,combo,cnb,"[[711 333]
 [255 429]]",0.6597222222222222,0.6504118412088933,0.7177914454079004,0.14560842514038086
1,kaggle_noNN,1,JP,combo,rf,"[[971  73]
 [437 247]]",0.7048611111111112,0.6420191988977206,0.7903685218794112,3.199636220932007
2,kaggle_noNN,1,JP,combo,lgr,"[[722 322]
 [269 415]]",0.6579861111111112,0.6468390084153631,0.6976498958123277,16.856735944747925
3,kaggle_noNN,1,JP,combo,svc,"[[773 271]
 [236 448]]",0.7065972222222222,0.6958379146488337,0.7662177074230917,1458.7687113285065
4,kaggle_noNN,1,JP,combo,lgb,"[[820 224]
 [229 455]]",0.7378472222222222,0.7256045813894549,0.8102608052698798,163.5142493247986
5,kaggle_noNN,2,JP,combo,cnb,"[[676 368]
 [233 451]]",0.6521990740740741,0.6462006861852332,0.7113588369070825,0.1545846462249756
6,kaggle_noNN,2,JP,combo,rf,"[[974  70]
 [404 280]]",0.7256944444444444,0.6729400227124984,0.7941523268580135,3.7247872352600098
7,kaggle_noNN,2,JP,combo,lgr,"[[721 323]
 [270 414]]",0.6568287037037037,0.6456438781561934,0.7160353789966616,21.53008532524109
8,kaggle_noNN,2,JP,combo,svc,"[[731 313]
 [191 493]]",0.7083333333333334,0.7026934394778346,0.7775453160359391,1459.4600653648376
9,kaggle_noNN,2,JP,combo,lgb,"[[806 238]
 [216 468]]",0.7372685185185185,0.7268164945294491,0.8103798368846765,163.130939245224
10,kaggle_noNN,3,JP,combo,cnb,"[[725 319]
 [260 423]]",0.6647365373480023,0.6541609815568987,0.7156609896613432,0.14461445808410645
11,kaggle_noNN,3,JP,combo,rf,"[[977  67]
 [415 268]]",0.7209033005211349,0.6643286201412345,0.7834828315466473,3.4193990230560303
12,kaggle_noNN,3,JP,combo,lgr,"[[740 304]
 [282 401]]",0.6606832657788072,0.6470849572186993,0.6954177254954758,17.612454175949093
13,kaggle_noNN,3,JP,combo,svc,"[[760 284]
 [250 433]]",0.690793283149971,0.6792954513840589,0.7579082591451956,1461.5288043022156
14,kaggle_noNN,3,JP,combo,lgb,"[[815 229]
 [226 457]]",0.7365373480023162,0.7247075969611455,0.8034210688701525,177.70036268234253
15,kaggle_noNN,4,JP,combo,cnb,"[[695 349]
 [224 459]]",0.6682107701215981,0.6618970060813172,0.7268425023700936,0.15359234809875488
16,kaggle_noNN,4,JP,combo,rf,"[[968  76]
 [423 260]]",0.7110596409959468,0.6526880442032592,0.7883267980455844,3.488312244415283
17,kaggle_noNN,4,JP,combo,lgr,"[[721 323]
 [267 416]]",0.6583671105964101,0.6473685449128985,0.6987204299265692,20.94483733177185
18,kaggle_noNN,4,JP,combo,svc,"[[744 300]
 [218 465]]",0.7000579038795599,0.6920199346711247,0.7670590644160593,1455.7556977272034
19,kaggle_noNN,4,JP,combo,lgb,"[[838 206]
 [236 447]]",0.7440648523451071,0.7302371178323239,0.8040297201326129,251.53614950180054
20,kaggle_noNN,5,JP,combo,cnb,"[[718 326]
 [242 441]]",0.6711059640995947,0.6624213641682153,0.727709900540213,0.16008257865905762
21,kaggle_noNN,5,JP,combo,rf,"[[964  80]
 [433 250]]",0.7029530978575564,0.6417118225057052,0.7636925497719662,3.733575820922852
22,kaggle_noNN,5,JP,combo,lgr,"[[712 332]
 [294 389]]",0.6375217139548349,0.6243826002362587,0.6854142474882617,21.52393364906311
23,kaggle_noNN,5,JP,combo,svc,"[[746 298]
 [232 451]]",0.6931094383323683,0.6838857760168869,0.7540978778546306,1454.9880936145782
24,kaggle_noNN,5,JP,combo,lgb,"[[807 237]
 [223 460]]",0.7336421540243196,0.7224365155898425,0.793151130632829,169.24793720245358
25,kaggle_noNN,1,JP,char_tf,cnb,"[[705 339]
 [250 434]]",0.6591435185185185,0.6505486785946164,0.7129895700298001,0.04188823699951172
26,kaggle_noNN,1,JP,char_tf,rf,"[[987  57]
 [481 203]]",0.6886574074074074,0.6079563856202095,0.7625228260626022,1.2607824802398682
27,kaggle_noNN,1,JP,char_tf,lgr,"[[734 310]
 [248 436]]",0.6770833333333334,0.6671853319434762,0.7275562389370618,2.321494579315185
28,kaggle_noNN,1,JP,char_tf,svc,"[[782 262]
 [240 444]]",0.7094907407407407,0.6979336569466595,0.7630955781855662,377.2490639686585
29,kaggle_noNN,1,JP,char_tf,lgb,"[[841 203]
 [221 463]]",0.7546296296296297,0.7422981956315291,0.8041523828728909,11.531811475753784
30,kaggle_noNN,2,JP,char_tf,cnb,"[[680 364]
 [240 444]]",0.6504629629629629,0.6438193105933614,0.7037919271358473,0.03989338874816895
31,kaggle_noNN,2,JP,char_tf,rf,"[[985  59]
 [458 226]]",0.7008101851851852,0.6292896436080622,0.7728659732024825,1.137042999267578
32,kaggle_noNN,2,JP,char_tf,lgr,"[[691 353]
 [230 454]]",0.6626157407407407,0.6561475724576467,0.7351490555891645,2.461223602294922
33,kaggle_noNN,2,JP,char_tf,svc,"[[736 308]
 [200 484]]",0.7060185185185185,0.699630450849963,0.7710685958190495,380.33268094062805
34,kaggle_noNN,2,JP,char_tf,lgb,"[[811 233]
 [211 473]]",0.7430555555555556,0.7328337523591969,0.816509264860747,12.104785442352295
35,kaggle_noNN,3,JP,char_tf,cnb,"[[725 319]
 [264 419]]",0.6624203821656051,0.6514786113573607,0.7092946937951229,0.04188704490661621
36,kaggle_noNN,3,JP,char_tf,rf,"[[992  52]
 [492 191]]",0.6850028951939781,0.5986685622112256,0.7706099975878338,1.2746460437774658
37,kaggle_noNN,3,JP,char_tf,lgr,"[[730 314]
 [266 417]]",0.6641574985524029,0.6527511994896968,0.7146701783320151,2.415006160736084
38,kaggle_noNN,3,JP,char_tf,svc,"[[764 280]
 [251 432]]",0.6925303995367691,0.6807313290197246,0.7552843270897494,378.9494700431824
39,kaggle_noNN,3,JP,char_tf,lgb,"[[833 211]
 [237 446]]",0.7405906195715113,0.7268755559948601,0.8075231539915743,17.170812368392944
40,kaggle_noNN,4,JP,char_tf,cnb,"[[688 356]
 [228 455]]",0.6618413433700058,0.6555719476545638,0.7140180519793787,0.04288458824157715
41,kaggle_noNN,4,JP,char_tf,rf,"[[992  52]
 [480 203]]",0.6919513607411697,0.6106945400185084,0.7634955094439114,1.1531803607940674
42,kaggle_noNN,4,JP,char_tf,lgr,"[[707 337]
 [237 446]]",0.6676317313259988,0.659862997905578,0.7241407358790102,2.131741762161255
43,kaggle_noNN,4,JP,char_tf,svc,"[[742 302]
 [223 460]]",0.6960046323103648,0.6876770794400975,0.7581494757745579,381.91380858421326
44,kaggle_noNN,4,JP,char_tf,lgb,"[[811 233]
 [210 473]]",0.7434858135495078,0.7332688348612499,0.8062413400425215,13.224799633026125
45,kaggle_noNN,5,JP,char_tf,cnb,"[[699 345]
 [238 445]]",0.6624203821656051,0.6549566434419586,0.7192939645355457,0.03789687156677246
46,kaggle_noNN,5,JP,char_tf,rf,"[[981  63]
 [479 204]]",0.6861609727851766,0.6065100050445603,0.7440796744136473,1.110443353652954
47,kaggle_noNN,5,JP,char_tf,lgr,"[[713 331]
 [251 432]]",0.6629994209612045,0.653834867996892,0.7075542877658292,2.333850145339966
48,kaggle_noNN,5,JP,char_tf,svc,"[[742 302]
 [250 433]]",0.6803705848291836,0.6697997400805251,0.7475415537716745,380.3005096912384
49,kaggle_noNN,5,JP,char_tf,lgb,"[[808 236]
 [232 451]]",0.7290098436595251,0.7169130111940822,0.7947036120787825,22.423197269439697
50,kaggle_noNN,1,JP,word_tf,cnb,"[[716 328]
 [245 439]]",0.6684027777777778,0.6596571974612058,0.7221367995339562,0.04587721824645996
51,kaggle_noNN,1,JP,word_tf,rf,"[[987  57]
 [478 206]]",0.6903935185185185,0.6109128573250344,0.773208364141516,1.2377259731292725
52,kaggle_noNN,1,JP,word_tf,lgr,"[[742 302]
 [263 421]]",0.6730324074074074,0.6613460619929009,0.7229588178620241,2.710346937179565
53,kaggle_noNN,1,JP,word_tf,svc,"[[779 265]
 [243 441]]",0.7060185185185185,0.6943233022488108,0.7588811588357867,368.336562871933
54,kaggle_noNN,1,JP,word_tf,lgb,"[[817 227]
 [230 454]]",0.7355324074074074,0.7233228751162754,0.7959686092626203,11.899881362915039
55,kaggle_noNN,2,JP,word_tf,cnb,"[[697 347]
 [221 463]]",0.6712962962962963,0.6651560369920048,0.7237640317268267,0.04487895965576172
56,kaggle_noNN,2,JP,word_tf,rf,"[[984  60]
 [468 216]]",0.6944444444444444,0.6192307692307693,0.763211108870516,1.1598660945892334
57,kaggle_noNN,2,JP,word_tf,lgr,"[[722 322]
 [233 451]]",0.6788194444444444,0.6707207412903432,0.745793282695884,2.530123472213745
58,kaggle_noNN,2,JP,word_tf,svc,"[[744 300]
 [206 478]]",0.7071759259259259,0.7000687424791474,0.7750204454303065,368.05927538871765
59,kaggle_noNN,2,JP,word_tf,lgb,"[[803 241]
 [210 474]]",0.7390046296296297,0.7291877697209237,0.8054911384463713,15.652843475341795
60,kaggle_noNN,3,JP,word_tf,cnb,"[[730 314]
 [262 421]]",0.6664736537348003,0.6554432070405479,0.722544779342881,0.044879913330078125
61,kaggle_noNN,3,JP,word_tf,rf,"[[992  52]
 [501 182]]",0.6797915460335843,0.5894862899319085,0.754274583059861,1.246204853057861
62,kaggle_noNN,3,JP,word_tf,lgr,"[[733 311]
 [257 426]]",0.6711059640995947,0.6603736479842675,0.7166910688140556,2.55549955368042
63,kaggle_noNN,3,JP,word_tf,svc,"[[763 281]
 [260 423]]",0.6867400115807759,0.6741087763247711,0.7543965937968057,365.90109395980835
64,kaggle_noNN,3,JP,word_tf,lgb,"[[795 249]
 [233 450]]",0.7209033005211349,0.7093023093384889,0.7912985308224365,12.909119606018065
65,kaggle_noNN,4,JP,word_tf,cnb,"[[700 344]
 [220 463]]",0.6734221192819919,0.6671537336486283,0.7335509892686649,0.04787135124206543
66,kaggle_noNN,4,JP,word_tf,rf,"[[985  59]
 [506 177]]",0.6728430804863926,0.5811608106744961,0.7500511884126263,1.1828718185424805
67,kaggle_noNN,4,JP,word_tf,lgr,"[[699 345]
 [250 433]]",0.6554719166184134,0.6470998941194935,0.7261546142497322,2.5269792079925537
68,kaggle_noNN,4,JP,word_tf,svc,"[[751 293]
 [218 465]]",0.704111175448755,0.6957675870202462,0.7628202431239237,364.51152896881104
69,kaggle_noNN,4,JP,word_tf,lgb,"[[822 222]
 [242 441]]",0.7313259988419224,0.7175805182831412,0.7959447557821869,20.868597745895386
70,kaggle_noNN,5,JP,word_tf,cnb,"[[711 333]
 [235 448]]",0.6711059640995947,0.6632973611225527,0.7386487941973375,0.03690028190612793
71,kaggle_noNN,5,JP,word_tf,rf,"[[980  64]
 [479 204]]",0.6855819339895773,0.6060412048128996,0.7531189871145443,1.123537540435791
72,kaggle_noNN,5,JP,word_tf,lgr,"[[698 346]
 [242 441]]",0.6595251881876085,0.6518145161290322,0.7129480037921497,2.6967926025390625
73,kaggle_noNN,5,JP,word_tf,svc,"[[747 297]
 [236 447]]",0.6913723219455703,0.6817694826914441,0.7518357707432277,365.4108703136444
74,kaggle_noNN,5,JP,word_tf,lgb,"[[783 261]
 [225 458]]",0.7185871453387377,0.708255124258578,0.7884277724485733,11.897348403930664
25,kaggle_noSW,1,JP,LIWC,cnb,"[[567 477]
 [293 391]]",0.554398148,0.549727107,0.59435286,0.010969877
26,kaggle_noSW,1,JP,LIWC,rf,"[[969  75]
 [596  88]]",0.611689815,0.47530277299999996,0.59103888,0.869711876
27,kaggle_noSW,1,JP,LIWC,lgr,"[[613 431]
 [297 387]]",0.5787037039999999,0.571371914,0.603679337,0.114677191
28,kaggle_noSW,1,JP,LIWC,svc,"[[593 451]
 [282 402]]",0.575810185,0.570563583,0.6027985029999999,25.08862495
29,kaggle_noSW,1,JP,LIWC,lgb,"[[657 387]
 [333 351]]",0.583333333,0.569844293,0.5998367170000001,4.002423286
30,kaggle_noSW,2,JP,LIWC,cnb,"[[600 444]
 [306 378]]",0.5659722220000001,0.558688324,0.583631613,0.016954422
31,kaggle_noSW,2,JP,LIWC,rf,"[[958  86]
 [606  78]]",0.599537037,0.45931242,0.5717298510000001,0.9120326040000001
32,kaggle_noSW,2,JP,LIWC,lgr,"[[611 433]
 [294 390]]",0.579282407,0.572286402,0.603092581,0.111667633
33,kaggle_noSW,2,JP,LIWC,svc,"[[604 440]
 [292 392]]",0.576388889,0.569915404,0.6029455420000001,25.4845829
34,kaggle_noSW,2,JP,LIWC,lgb,"[[618 426]
 [345 339]]",0.5538194439999999,0.541876723,0.575271392,3.19799614
35,kaggle_noSW,3,JP,LIWC,cnb,"[[587 457]
 [290 393]]",0.56745802,0.5619300939999999,0.586728598,0.016955614
36,kaggle_noSW,3,JP,LIWC,rf,"[[980  64]
 [603  80]]",0.613781123,0.46978429299999996,0.586188665,0.908683538
37,kaggle_noSW,3,JP,LIWC,lgr,"[[635 409]
 [301 382]]",0.588882455,0.579865822,0.608992051,0.150545835
38,kaggle_noSW,3,JP,LIWC,svc,"[[636 408]
 [297 386]]",0.591777649,0.5830401,0.613462973,25.10577965
39,kaggle_noSW,3,JP,LIWC,lgb,"[[681 363]
 [343 340]]",0.59119861,0.57461392,0.594587772,3.622854948
40,kaggle_noSW,4,JP,LIWC,cnb,"[[544 500]
 [256 427]]",0.562246671,0.560228237,0.587649989,0.017951488
41,kaggle_noSW,4,JP,LIWC,rf,"[[969  75]
 [595  88]]",0.6120440070000001,0.47556799200000005,0.5768955139999999,0.893277645
42,kaggle_noSW,4,JP,LIWC,lgr,"[[585 459]
 [261 422]]",0.583092067,0.579344781,0.6252825879999999,0.100702286
43,kaggle_noSW,4,JP,LIWC,svc,"[[588 456]
 [259 424]]",0.585987261,0.582219782,0.620850934,24.92512679
44,kaggle_noSW,4,JP,LIWC,lgb,"[[593 451]
 [289 394]]",0.571511291,0.565745407,0.600333496,2.319131374
45,kaggle_noSW,5,JP,LIWC,cnb,"[[577 467]
 [293 390]]",0.559930515,0.5547096579999999,0.585584221,0.01595664
46,kaggle_noSW,5,JP,LIWC,rf,"[[979  65]
 [617  66]]",0.6050955410000001,0.451914414,0.568178057,0.8907628059999999
47,kaggle_noSW,5,JP,LIWC,lgr,"[[606 438]
 [294 389]]",0.576143602,0.569344289,0.6053401429999999,0.10116100300000001
48,kaggle_noSW,5,JP,LIWC,svc,"[[601 443]
 [297 386]]",0.571511291,0.5647657739999999,0.608393217,24.99503613
49,kaggle_noSW,5,JP,LIWC,lgb,"[[666 378]
 [342 341]]",0.583092067,0.567785369,0.602683956,3.628356695
50,kaggle_noSW,1,JP,char_tfidf,cnb,"[[727 317]
 [252 432]]",0.670717593,0.660832733,0.718135937,0.035903692
51,kaggle_noSW,1,JP,char_tfidf,rf,"[[995  49]
 [375 309]]",0.75462963,0.708724062,0.851762928,2.275531769
52,kaggle_noSW,1,JP,char_tfidf,lgr,"[[816 228]
 [210 474]]",0.7465277779999999,0.736194241,0.809479398,2.669735193
53,kaggle_noSW,1,JP,char_tfidf,svc,"[[841 203]
 [190 494]]",0.772569444,0.7630130079999999,0.82684611,354.6454916
54,kaggle_noSW,1,JP,char_tfidf,lgb,"[[894 150]
 [177 507]]",0.8107638890000001,0.800771098,0.8806154909999999,103.2285278
55,kaggle_noSW,2,JP,char_tfidf,cnb,"[[663 381]
 [229 455]]",0.646990741,0.641800783,0.699981515,0.038894653
56,kaggle_noSW,2,JP,char_tfidf,rf,"[[984  60]
 [329 355]]",0.774884259,0.740500775,0.859102978,2.272812843
57,kaggle_noSW,2,JP,char_tfidf,lgr,"[[797 247]
 [213 471]]",0.733796296,0.7239720140000001,0.8053819090000001,2.622550964
58,kaggle_noSW,2,JP,char_tfidf,svc,"[[786 258]
 [176 508]]",0.748842593,0.7421693540000001,0.830370846,347.1285775
59,kaggle_noSW,2,JP,char_tfidf,lgb,"[[892 152]
 [173 511]]",0.811921296,0.8023108090000001,0.889506453,133.5640402
60,kaggle_noSW,3,JP,char_tfidf,cnb,"[[694 350]
 [240 443]]",0.658367111,0.650994955,0.7169771629999999,0.046875715
61,kaggle_noSW,3,JP,char_tfidf,rf,"[[986  58]
 [361 322]]",0.757382745,0.715296032,0.852737248,2.268816948
62,kaggle_noSW,3,JP,char_tfidf,lgr,"[[797 247]
 [215 468]]",0.732484076,0.722409863,0.802477239,2.5770280359999997
63,kaggle_noSW,3,JP,char_tfidf,svc,"[[804 240]
 [186 497]]",0.753329473,0.7452802359999999,0.824011433,340.211719
64,kaggle_noSW,3,JP,char_tfidf,lgb,"[[862 182]
 [159 524]]",0.802547771,0.7946832340000001,0.887692623,72.67579603
65,kaggle_noSW,4,JP,char_tfidf,cnb,"[[697 347]
 [223 460]]",0.6699478870000001,0.663612816,0.728296113,0.044879435999999995
66,kaggle_noSW,4,JP,char_tfidf,rf,"[[991  53]
 [374 309]]",0.7527504340000001,0.7070677940000001,0.855499318,2.251597643
67,kaggle_noSW,4,JP,char_tfidf,lgr,"[[766 278]
 [199 484]]",0.7237984940000001,0.716232318,0.796540785,2.695469618
68,kaggle_noSW,4,JP,char_tfidf,svc,"[[772 272]
 [174 509]]",0.741748697,0.7356172940000001,0.823226076,340.0560877
69,kaggle_noSW,4,JP,char_tfidf,lgb,"[[904 140]
 [170 513]]",0.8204979729999999,0.810799789,0.892146716,114.6916463
70,kaggle_noSW,5,JP,char_tfidf,cnb,"[[725 319]
 [227 456]]",0.683844818,0.675983655,0.736968692,0.038896561
71,kaggle_noSW,5,JP,char_tfidf,rf,"[[983  61]
 [352 331]]",0.760856977,0.7211058000000001,0.8468351540000001,2.359601021
72,kaggle_noSW,5,JP,char_tfidf,lgr,"[[759 285]
 [194 489]]",0.722640417,0.7156912440000001,0.7885974659999999,2.5826761719999998
73,kaggle_noSW,5,JP,char_tfidf,svc,"[[802 242]
 [182 501]]",0.754487551,0.746795909,0.821203783,340.4255564
74,kaggle_noSW,5,JP,char_tfidf,lgb,"[[859 185]
 [170 513]]",0.7944412279999999,0.7858452509999999,0.86988747,94.14120173
75,kaggle_noSW,1,JP,word_tfidf,cnb,"[[746 298]
 [209 475]]",0.7065972220000001,0.6991989470000001,0.780311051,0.046876192000000004
76,kaggle_noSW,1,JP,word_tfidf,rf,"[[988  56]
 [334 350]]",0.774305556,0.738683335,0.8614479009999999,2.477108479
77,kaggle_noSW,1,JP,word_tfidf,lgr,"[[811 233]
 [216 468]]",0.740162037,0.7295043990000001,0.8146873809999999,3.117238045
78,kaggle_noSW,1,JP,word_tfidf,svc,"[[846 198]
 [181 503]]",0.780671296,0.771675205,0.845205687,318.15317339999996
79,kaggle_noSW,1,JP,word_tfidf,lgb,"[[901 143]
 [181 503]]",0.8125,0.801996053,0.876380767,115.28844709999998
80,kaggle_noSW,2,JP,word_tfidf,cnb,"[[706 338]
 [194 490]]",0.69212963,0.687242798,0.768542325,0.038896322000000004
81,kaggle_noSW,2,JP,word_tfidf,rf,"[[986  58]
 [317 367]]",0.7829861109999999,0.7510395440000001,0.864089702,2.345004797
82,kaggle_noSW,2,JP,word_tfidf,lgr,"[[793 251]
 [195 489]]",0.741898148,0.733654782,0.820577345,2.790297508
83,kaggle_noSW,2,JP,word_tfidf,svc,"[[806 238]
 [158 526]]",0.770833333,0.7646540909999999,0.846419809,318.3055501
84,kaggle_noSW,2,JP,word_tfidf,lgb,"[[884 160]
 [180 504]]",0.803240741,0.7932420790000001,0.88049786,120.5370371
85,kaggle_noSW,3,JP,word_tfidf,cnb,"[[740 304]
 [204 479]]",0.705848292,0.6989728270000001,0.776414623,0.039407492
86,kaggle_noSW,3,JP,word_tfidf,rf,"[[979  65]
 [320 363]]",0.777070064,0.7445730490000001,0.865324689,2.470353127
87,kaggle_noSW,3,JP,word_tfidf,lgr,"[[777 267]
 [212 471]]",0.722640417,0.713650523,0.795709149,2.8256070610000004
88,kaggle_noSW,3,JP,word_tfidf,svc,"[[803 241]
 [178 505]]",0.757382745,0.749937192,0.83208658,318.1339779
89,kaggle_noSW,3,JP,word_tfidf,lgb,"[[885 159]
 [179 504]]",0.804284887,0.794272015,0.8877332929999999,153.43041369999997
90,kaggle_noSW,4,JP,word_tfidf,cnb,"[[762 282]
 [190 493]]",0.726693688,0.719897958,0.792089497,0.041887999
91,kaggle_noSW,4,JP,word_tfidf,rf,"[[980  64]
 [336 347]]",0.768384482,0.732438881,0.8542364370000001,2.494282722
92,kaggle_noSW,4,JP,word_tfidf,lgr,"[[784 260]
 [198 485]]",0.734800232,0.726605252,0.80082799,2.892317295
93,kaggle_noSW,4,JP,word_tfidf,svc,"[[793 251]
 [178 505]]",0.751592357,0.7444865390000001,0.834562556,316.9089749
94,kaggle_noSW,4,JP,word_tfidf,lgb,"[[896 148]
 [188 495]]",0.805442965,0.7943557990000001,0.876620499,121.3854284
95,kaggle_noSW,5,JP,word_tfidf,cnb,"[[763 281]
 [197 486]]",0.7232194559999999,0.7159109370000001,0.792682722,0.038896561
96,kaggle_noSW,5,JP,word_tfidf,rf,"[[966  78]
 [319 364]]",0.770121598,0.7383258429999999,0.8493791479999999,2.477440357
97,kaggle_noSW,5,JP,word_tfidf,lgr,"[[784 260]
 [196 487]]",0.735958309,0.7279112190000001,0.810409339,2.87864995
98,kaggle_noSW,5,JP,word_tfidf,svc,"[[799 245]
 [179 504]]",0.754487551,0.747108621,0.8355828190000001,317.0213349
99,kaggle_noSW,5,JP,word_tfidf,lgb,"[[867 177]
 [180 503]]",0.79328315,0.783673031,0.86694098,135.4140687
0,kaggle_noSW,1,JP,combo,cnb,"[[741 303]
 [244 440]]",0.6834490740740741,0.6735437073437263,0.7500042011158162,0.14261674880981445
1,kaggle_noSW,1,JP,combo,rf,"[[964  80]
 [286 398]]",0.7881944444444444,0.7627395870691634,0.8687963523111738,3.3201913833618164
2,kaggle_noSW,1,JP,combo,lgr,"[[818 226]
 [246 438]]",0.7268518518518519,0.7129713568207028,0.7891151889941969,17.70117449760437
3,kaggle_noSW,1,JP,combo,svc,"[[855 189]
 [184 500]]",0.7841435185185185,0.7746317342311551,0.8415423136385023,1330.3325090408325
4,kaggle_noSW,1,JP,combo,lgb,"[[910 134]
 [183 501]]",0.8165509259259259,0.8056638106249576,0.8797164526898344,275.4753081798553
5,kaggle_noSW,2,JP,combo,cnb,"[[692 352]
 [217 467]]",0.6707175925925926,0.6650385864216267,0.7338138009455312,0.1466050148010254
6,kaggle_noSW,2,JP,combo,rf,"[[960  84]
 [270 414]]",0.7951388888888888,0.7724173954971003,0.8731543097846788,3.635857105255127
7,kaggle_noSW,2,JP,combo,lgr,"[[760 284]
 [206 478]]",0.7164351851851852,0.7086765343407444,0.7916568640630952,16.59710144996643
8,kaggle_noSW,2,JP,combo,svc,"[[812 232]
 [173 511]]",0.765625,0.7582910447426126,0.8452729044834307,1350.6997241973875
9,kaggle_noSW,2,JP,combo,lgb,"[[886 158]
 [179 505]]",0.8049768518518519,0.7950115160289817,0.8836711030449687,302.54656076431274
10,kaggle_noSW,3,JP,combo,cnb,"[[736 308]
 [219 464]]",0.6948465547191662,0.6870844356886348,0.7483276114504973,0.14561104774475098
11,kaggle_noSW,3,JP,combo,rf,"[[970  74]
 [271 412]]",0.8002316155182397,0.7769456398238221,0.8813368449986817,3.727137804031372
12,kaggle_noSW,3,JP,combo,lgr,"[[774 270]
 [249 434]]",0.6994788650839606,0.6873612844964071,0.7634015471522414,16.341448783874508
13,kaggle_noSW,3,JP,combo,svc,"[[809 235]
 [165 518]]",0.7683844817602778,0.7616162062330392,0.8354439788402528,1328.4379725456238
14,kaggle_noSW,3,JP,combo,lgb,"[[861 183]
 [151 532]]",0.8066010422698321,0.7993179528286658,0.8906643554747761,172.07107162475586
15,kaggle_noSW,4,JP,combo,cnb,"[[726 318]
 [206 477]]",0.6965836711059641,0.6901423304279226,0.7634478270869447,0.14162492752075195
16,kaggle_noSW,4,JP,combo,rf,"[[974  70]
 [292 391]]",0.7903879559930516,0.7634282384282385,0.8795165009003549,3.7341916561126713
17,kaggle_noSW,4,JP,combo,lgr,"[[779 265]
 [212 471]]",0.7237984944991315,0.7147248728644078,0.7818167538973315,16.838855981826782
18,kaggle_noSW,4,JP,combo,svc,"[[784 260]
 [176 507]]",0.7475390851187029,0.7408727372840526,0.8353444068595278,1322.781549692154
19,kaggle_noSW,4,JP,combo,lgb,"[[900 144]
 [178 505]]",0.8135495078170237,0.8032573100904863,0.8838205348277545,267.56534385681147
20,kaggle_noSW,5,JP,combo,cnb,"[[739 305]
 [212 471]]",0.7006369426751592,0.6932499171163,0.7681459416704532,0.15957355499267578
21,kaggle_noSW,5,JP,combo,rf,"[[947  97]
 [280 403]]",0.781702374059062,0.7576562583167603,0.8627722802825041,4.402328014373778
22,kaggle_noSW,5,JP,combo,lgr,"[[771 273]
 [222 461]]",0.7133757961783439,0.703833006112397,0.7795911097647857,20.45915269851685
23,kaggle_noSW,5,JP,combo,svc,"[[812 232]
 [178 505]]",0.7625940938042849,0.7548471754816015,0.8335941838743879,1330.9279491901398
24,kaggle_noSW,5,JP,combo,lgb,"[[877 167]
 [170 513]]",0.8048639258830341,0.7957921890728985,0.8723851836892681,300.06843757629395
25,kaggle_noSW,1,JP,char_tf,cnb,"[[730 314]
 [259 425]]",0.6684027777777778,0.6577400509305524,0.7189383500257668,0.05137014389038086
26,kaggle_noSW,1,JP,char_tf,rf,"[[986  58]
 [380 304]]",0.7465277777777778,0.6997596058487977,0.8423909390334073,1.3570873737335205
27,kaggle_noSW,1,JP,char_tf,lgr,"[[832 212]
 [215 469]]",0.7528935185185185,0.7414854872530625,0.8128598955882682,2.8730876445770264
28,kaggle_noSW,1,JP,char_tf,svc,"[[839 205]
 [194 490]]",0.7690972222222222,0.7592779511644332,0.8237631915036634,361.1020402908325
29,kaggle_noSW,1,JP,char_tf,lgb,"[[887 157]
 [168 516]]",0.8119212962962963,0.8028327346811812,0.8760614819296005,14.06965708732605
30,kaggle_noSW,2,JP,char_tf,cnb,"[[669 375]
 [237 447]]",0.6458333333333334,0.6398896720809071,0.7018426093970558,0.046384572982788086
31,kaggle_noSW,2,JP,char_tf,rf,"[[993  51]
 [351 333]]",0.7673611111111112,0.7276268985376321,0.8472915406331921,1.2576642036437988
32,kaggle_noSW,2,JP,char_tf,lgr,"[[792 252]
 [210 474]]",0.7326388888888888,0.7232669869595059,0.8007536801774551,2.648951530456543
33,kaggle_noSW,2,JP,char_tf,svc,"[[786 258]
 [182 502]]",0.7453703703703703,0.7383014929811713,0.8270330599807307,359.12697100639343
34,kaggle_noSW,2,JP,char_tf,lgb,"[[884 160]
 [167 517]]",0.8107638888888888,0.8018247848784501,0.8872574555802021,21.334678649902344
35,kaggle_noSW,3,JP,char_tf,cnb,"[[707 337]
 [245 438]]",0.6629994209612045,0.6546199394674123,0.7185212298682283,0.04488039016723633
36,kaggle_noSW,3,JP,char_tf,rf,"[[993  51]
 [366 317]]",0.7585408222350898,0.7148509653133392,0.8541361639824304,1.251932144165039
37,kaggle_noSW,3,JP,char_tf,lgr,"[[785 259]
 [211 472]]",0.7278517660683266,0.7186087306209613,0.8031153408166585,2.520260572433472
38,kaggle_noSW,3,JP,char_tf,svc,"[[801 243]
 [183 500]]",0.7533294730746959,0.7456015502460642,0.8228937020020981,358.04521703720087
39,kaggle_noSW,3,JP,char_tf,lgb,"[[890 154]
 [161 522]]",0.8176027793862188,0.8089269626515355,0.8909013648373472,20.96631860733032
40,kaggle_noSW,4,JP,char_tf,cnb,"[[705 339]
 [226 457]]",0.6728430804863926,0.6659545878587141,0.7297223764886711,0.046909093856811516
41,kaggle_noSW,4,JP,char_tf,rf,"[[996  48]
 [379 304]]",0.7527504342790967,0.7054601953536115,0.8492522284489771,1.238722562789917
42,kaggle_noSW,4,JP,char_tf,lgr,"[[759 285]
 [203 480]]",0.7174290677475391,0.7098566179913299,0.792692538552588,2.805455684661865
43,kaggle_noSW,4,JP,char_tf,svc,"[[772 272]
 [186 497]]",0.7348002316155182,0.7279008869917961,0.8211546983950679,360.9191701412201
44,kaggle_noSW,4,JP,char_tf,lgb,"[[899 145]
 [162 521]]",0.8222350897510133,0.8132903936935778,0.8898341214946455,10.992958068847656
45,kaggle_noSW,5,JP,char_tf,cnb,"[[727 317]
 [235 448]]",0.6803705848291836,0.6718050269082256,0.7392125679473587,0.04288554191589356
46,kaggle_noSW,5,JP,char_tf,rf,"[[985  59]
 [379 304]]",0.7463810075275044,0.6996841312895828,0.8351873355659896,1.1573357582092283
47,kaggle_noSW,5,JP,char_tf,lgr,"[[764 280]
 [195 488]]",0.7249565720903299,0.7177476376751207,0.7920838872901275,2.586642265319824
48,kaggle_noSW,5,JP,char_tf,svc,"[[800 244]
 [187 496]]",0.7504342790966995,0.7424540147738168,0.8198350190448944,360.6684794425965
49,kaggle_noSW,5,JP,char_tf,lgb,"[[861 183]
 [174 509]]",0.7932831499710481,0.7843232323232323,0.8694106460678884,13.922247171401978
50,kaggle_noSW,1,JP,word_tf,cnb,"[[753 291]
 [224 460]]",0.7019675925925926,0.6931453190972146,0.7752753131231656,0.046874284744262695
51,kaggle_noSW,1,JP,word_tf,rf,"[[983  61]
 [336 348]]",0.7702546296296297,0.7343863674465949,0.8606566904169748,1.1589500904083252
52,kaggle_noSW,1,JP,word_tf,lgr,"[[817 227]
 [216 468]]",0.7436342592592593,0.7327321613179048,0.8172304564092223,2.9192423820495605
53,kaggle_noSW,1,JP,word_tf,svc,"[[854 190]
 [189 495]]",0.7806712962962963,0.7707776023475528,0.8401209361206338,343.5634636878968
54,kaggle_noSW,1,JP,word_tf,lgb,"[[884 160]
 [168 516]]",0.8101851851851852,0.801167489896722,0.8756259662566378,15.848052024841307
55,kaggle_noSW,2,JP,word_tf,cnb,"[[705 339]
 [198 486]]",0.6892361111111112,0.6841631260204566,0.7645680692792005,0.04288482666015625
56,kaggle_noSW,2,JP,word_tf,rf,"[[972  72]
 [312 372]]",0.7777777777777778,0.7473130072384294,0.8621130772333132,1.257455825805664
57,kaggle_noSW,2,JP,word_tf,lgr,"[[793 251]
 [200 484]]",0.7390046296296297,0.7303832585539611,0.8182653312719858,2.5685019493103027
58,kaggle_noSW,2,JP,word_tf,svc,"[[804 240]
 [168 516]]",0.7638888888888888,0.7571428571428571,0.8457210235038426,344.84670090675354
59,kaggle_noSW,2,JP,word_tf,lgb,"[[885 159]
 [184 500]]",0.8015046296296297,0.7911365975757632,0.8823323474714884,24.66143822669983
60,kaggle_noSW,3,JP,word_tf,cnb,"[[750 294]
 [208 475]]",0.7093225246091488,0.7017603608512699,0.7730530171712582,0.03789734840393066
61,kaggle_noSW,3,JP,word_tf,rf,"[[986  58]
 [321 362]]",0.7805442964678634,0.7475918312571606,0.8679016397121108,1.126554250717163
62,kaggle_noSW,3,JP,word_tf,lgr,"[[795 249]
 [207 476]]",0.7359583092067169,0.7266312316715542,0.8007480520354757,2.786968469619751
63,kaggle_noSW,3,JP,word_tf,svc,"[[808 236]
 [172 511]]",0.7637521713954835,0.7565521435086653,0.8374031627426893,339.9381408691406
64,kaggle_noSW,3,JP,word_tf,lgb,"[[878 166]
 [167 516]]",0.8071800810654314,0.7983187707457693,0.8847475359440826,22.698015689849854
65,kaggle_noSW,4,JP,word_tf,cnb,"[[757 287]
 [200 483]]",0.7180081065431384,0.7107265362501132,0.7856369521437427,0.03690028190612793
66,kaggle_noSW,4,JP,word_tf,rf,"[[992  52]
 [350 333]]",0.7672264041690793,0.7275563445944037,0.8589738195811806,1.109575271606445
67,kaggle_noSW,4,JP,word_tf,lgr,"[[771 273]
 [188 495]]",0.7330631152287204,0.7260666546699591,0.8082201578566501,2.860379695892334
68,kaggle_noSW,4,JP,word_tf,svc,"[[799 245]
 [181 502]]",0.7533294730746959,0.7458117968987534,0.8346880732401003,339.0928568840027
69,kaggle_noSW,4,JP,word_tf,lgb,"[[891 153]
 [172 511]]",0.8118123914302259,0.8022376713672986,0.8801167376292331,15.395113229751587
70,kaggle_noSW,5,JP,word_tf,cnb,"[[774 270]
 [198 485]]",0.7290098436595251,0.7212025630836479,0.7921652277814241,0.0438833236694336
71,kaggle_noSW,5,JP,word_tf,rf,"[[965  79]
 [329 354]]",0.7637521713954835,0.7299502377733013,0.8486148275301101,1.2328133583068848
72,kaggle_noSW,5,JP,word_tf,lgr,"[[764 280]
 [197 486]]",0.7237984944991315,0.7164511082542092,0.8072707179841022,2.831115245819092
73,kaggle_noSW,5,JP,word_tf,svc,"[[808 236]
 [175 508]]",0.7620150550086856,0.7546102389984681,0.8336011959857065,342.56229329109186
74,kaggle_noSW,5,JP,word_tf,lgb,"[[851 193]
 [161 522]]",0.795020266357846,0.7873010637764899,0.8635723621839642,15.519463777542114
25,kaggle,1,JP,LIWC,cnb,"[[601 443]
 [299 385]]",0.570601852,0.563786008,0.60512032,0.017950773
26,kaggle,1,JP,LIWC,rf,"[[965  79]
 [602  82]]",0.6059027779999999,0.466631615,0.58339565,0.9846172329999999
27,kaggle,1,JP,LIWC,lgr,"[[632 412]
 [291 393]]",0.5931712960000001,0.5852370020000001,0.615575497,0.13164711
28,kaggle,1,JP,LIWC,svc,"[[631 413]
 [293 391]]",0.591435185,0.583398899,0.618201194,23.72314239
29,kaggle,1,JP,LIWC,lgb,"[[651 393]
 [320 364]]",0.587384259,0.5756792829999999,0.606519292,3.273262501
30,kaggle,2,JP,LIWC,cnb,"[[599 445]
 [302 382]]",0.567708333,0.560781858,0.58693649,0.015956401999999998
31,kaggle,2,JP,LIWC,rf,"[[962  82]
 [610  74]]",0.599537037,0.455832241,0.58505299,0.896111488
32,kaggle,2,JP,LIWC,lgr,"[[607 437]
 [295 389]]",0.576388889,0.569537785,0.6065108889999999,0.131628036
33,kaggle,2,JP,LIWC,svc,"[[608 436]
 [298 386]]",0.575231481,0.568102973,0.600619525,23.75627756
34,kaggle,2,JP,LIWC,lgb,"[[612 432]
 [308 376]]",0.571759259,0.563619685,0.594144205,2.477800846
35,kaggle,3,JP,LIWC,cnb,"[[607 437]
 [314 369]]",0.565141865,0.556723179,0.5963225679999999,0.016954899
36,kaggle,3,JP,LIWC,rf,"[[983  61]
 [617  66]]",0.6074116970000001,0.453266655,0.576131895,0.885175705
37,kaggle,3,JP,LIWC,lgr,"[[628 416]
 [321 362]]",0.573248408,0.562878356,0.610332767,0.132644892
38,kaggle,3,JP,LIWC,svc,"[[648 396]
 [304 379]]",0.594672843,0.584594429,0.615164111,23.37850046
39,kaggle,3,JP,LIWC,lgb,"[[647 397]
 [314 369]]",0.588303416,0.577351652,0.592391579,2.223558664
40,kaggle,4,JP,LIWC,cnb,"[[592 452]
 [289 394]]",0.5709322520000001,0.5652172289999999,0.602268839,0.015957117
41,kaggle,4,JP,LIWC,rf,"[[957  87]
 [597  86]]",0.603937464,0.46882756700000006,0.584085733,0.898540735
42,kaggle,4,JP,LIWC,lgr,"[[596 448]
 [275 408]]",0.581354951,0.5763343670000001,0.627013177,0.141619205
43,kaggle,4,JP,LIWC,svc,"[[567 477]
 [276 407]]",0.5639837870000001,0.560208919,0.618085357,23.53004122
44,kaggle,4,JP,LIWC,lgb,"[[628 416]
 [302 381]]",0.584250145,0.5755681970000001,0.5982789470000001,3.2163846489999997
45,kaggle,5,JP,LIWC,cnb,"[[578 466]
 [300 383]]",0.5564562829999999,0.550728408,0.596039279,0.016953945
46,kaggle,5,JP,LIWC,rf,"[[969  75]
 [609  74]]",0.603937464,0.458507525,0.5892410370000001,0.902388573
47,kaggle,5,JP,LIWC,lgr,"[[597 447]
 [298 385]]",0.568616097,0.562016078,0.604554787,0.13164162599999998
48,kaggle,5,JP,LIWC,svc,"[[601 443]
 [299 384]]",0.5703532139999999,0.563461014,0.607157683,23.4100492
49,kaggle,5,JP,LIWC,lgb,"[[604 440]
 [320 363]]",0.559930515,0.551190515,0.579773986,2.133311749
50,kaggle,1,JP,char_tfidf,cnb,"[[730 314]
 [248 436]]",0.674768519,0.665073315,0.72684625,0.046874045999999996
51,kaggle,1,JP,char_tfidf,rf,"[[987  57]
 [381 303]]",0.7465277779999999,0.699433865,0.846204152,2.235555649
52,kaggle,1,JP,char_tfidf,lgr,"[[823 221]
 [211 473]]",0.75,0.739304987,0.808338095,2.68982482
53,kaggle,1,JP,char_tfidf,svc,"[[836 208]
 [194 490]]",0.7673611109999999,0.757644435,0.829450102,335.9168739
54,kaggle,1,JP,char_tfidf,lgb,"[[895 149]
 [177 507]]",0.811342593,0.8013260729999999,0.8806589029999999,118.2596784
55,kaggle,2,JP,char_tfidf,cnb,"[[671 373]
 [222 462]]",0.6556712960000001,0.650559443,0.710946427,0.040889978
56,kaggle,2,JP,char_tfidf,rf,"[[994  50]
 [357 327]]",0.764467593,0.723231127,0.852458913,2.261558056
57,kaggle,2,JP,char_tfidf,lgr,"[[774 270]
 [205 479]]",0.725115741,0.716863881,0.809469595,2.726821899
58,kaggle,2,JP,char_tfidf,svc,"[[794 250]
 [170 514]]",0.756944444,0.750390702,0.834620275,337.3463182
59,kaggle,2,JP,char_tfidf,lgb,"[[899 145]
 [170 514]]",0.817708333,0.808186671,0.888521991,130.5740793
60,kaggle,3,JP,char_tfidf,cnb,"[[708 336]
 [227 456]]",0.6740011579999999,0.666908985,0.727460269,0.039402723
61,kaggle,3,JP,char_tfidf,rf,"[[987  57]
 [369 314]]",0.753329473,0.709162713,0.85653641,2.251216888
62,kaggle,3,JP,char_tfidf,lgr,"[[784 260]
 [202 481]]",0.732484076,0.723987795,0.802289314,2.680879831
63,kaggle,3,JP,char_tfidf,svc,"[[794 250]
 [184 499]]",0.748697163,0.7411442009999999,0.8261347,336.1363025
64,kaggle,3,JP,char_tfidf,lgb,"[[873 171]
 [176 507]]",0.7990735379999999,0.78962484,0.885734841,131.9128888
65,kaggle,4,JP,char_tfidf,cnb,"[[692 352]
 [207 476]]",0.676317313,0.671173447,0.7393331759999999,0.040891171000000004
66,kaggle,4,JP,char_tfidf,rf,"[[998  46]
 [373 310]]",0.757382745,0.7116143290000001,0.855063866,2.336035728
67,kaggle,4,JP,char_tfidf,lgr,"[[773 271]
 [186 497]]",0.73537927,0.728443517,0.803001745,2.7754778860000004
68,kaggle,4,JP,char_tfidf,svc,"[[774 270]
 [169 514]]",0.7458019690000001,0.739906873,0.829831485,336.1162057
69,kaggle,4,JP,char_tfidf,lgb,"[[911 133]
 [158 525]]",0.83149971,0.82263944,0.8948309520000001,138.4463801
70,kaggle,5,JP,char_tfidf,cnb,"[[725 319]
 [230 453]]",0.682107701,0.674021547,0.7432108740000001,0.041888237
71,kaggle,5,JP,char_tfidf,rf,"[[982  62]
 [362 321]]",0.754487551,0.7123484840000001,0.839882645,2.431498289
72,kaggle,5,JP,char_tfidf,lgr,"[[767 277]
 [198 485]]",0.7249565720000001,0.7174221190000001,0.791985718,2.658892155
73,kaggle,5,JP,char_tfidf,svc,"[[799 245]
 [181 502]]",0.753329473,0.745811797,0.818731313,341.9961512
74,kaggle,5,JP,char_tfidf,lgb,"[[865 179]
 [176 507]]",0.7944412279999999,0.785211422,0.8710388579999999,111.9696772
75,kaggle,1,JP,word_tfidf,cnb,"[[763 281]
 [195 489]]",0.724537037,0.7174324990000001,0.800697665,0.042887449
76,kaggle,1,JP,word_tfidf,rf,"[[989  55]
 [339 345]]",0.771990741,0.735213406,0.861213338,2.568682194
77,kaggle,1,JP,word_tfidf,lgr,"[[818 226]
 [210 474]]",0.747685185,0.737273194,0.819545271,3.277946234
78,kaggle,1,JP,word_tfidf,svc,"[[821 223]
 [182 502]]",0.765625,0.7573557940000001,0.843680682,322.7320335
79,kaggle,1,JP,word_tfidf,lgb,"[[901 143]
 [180 504]]",0.813078704,0.80266266,0.877201385,127.3175976
80,kaggle,2,JP,word_tfidf,cnb,"[[745 299]
 [184 500]]",0.7204861109999999,0.7147519840000001,0.7966841990000001,0.042887210999999995
81,kaggle,2,JP,word_tfidf,rf,"[[979  65]
 [306 378]]",0.7853009259999999,0.7557558090000001,0.8625401909999999,2.703957558
82,kaggle,2,JP,word_tfidf,lgr,"[[781 263]
 [193 491]]",0.7361111109999999,0.728463302,0.8204975240000001,3.0747745039999996
83,kaggle,2,JP,word_tfidf,svc,"[[809 235]
 [157 527]]",0.773148148,0.766941227,0.848618393,321.32037210000004
84,kaggle,2,JP,word_tfidf,lgb,"[[894 150]
 [189 495]]",0.803819444,0.792770793,0.882461182,137.8565946
85,kaggle,3,JP,word_tfidf,cnb,"[[766 278]
 [189 494]]",0.729588882,0.7227104959999999,0.80618945,0.047872305
86,kaggle,3,JP,word_tfidf,rf,"[[983  61]
 [332 351]]",0.772437753,0.7372499379999999,0.8627919140000001,2.74324441
87,kaggle,3,JP,word_tfidf,lgr,"[[784 260]
 [202 481]]",0.732484076,0.723987795,0.808070099,3.211431503
88,kaggle,3,JP,word_tfidf,svc,"[[810 234]
 [182 501]]",0.759119861,0.751153427,0.840640655,320.44768450000004
89,kaggle,3,JP,word_tfidf,lgb,"[[885 159]
 [176 507]]",0.8060220029999999,0.796261505,0.886287396,151.74413869999998
90,kaggle,4,JP,word_tfidf,cnb,"[[770 274]
 [176 507]]",0.7394325420000001,0.7332461490000001,0.816275671,0.057844877
91,kaggle,4,JP,word_tfidf,rf,"[[980  64]
 [343 340]]",0.76433121,0.7268136820000001,0.8581162379999999,2.6958322530000003
92,kaggle,4,JP,word_tfidf,lgr,"[[769 275]
 [182 501]]",0.73537927,0.72884954,0.808276255,3.3779850010000003
93,kaggle,4,JP,word_tfidf,svc,"[[812 232]
 [159 524]]",0.773595831,0.767119433,0.8414547609999999,320.6574378
94,kaggle,4,JP,word_tfidf,lgb,"[[901 143]
 [193 490]]",0.805442965,0.793762315,0.88268317,147.649256
95,kaggle,5,JP,word_tfidf,cnb,"[[775 269]
 [181 502]]",0.7394325420000001,0.73275447,0.809208866,0.041887999
96,kaggle,5,JP,word_tfidf,rf,"[[968  76]
 [324 359]]",0.768384482,0.735492685,0.848551017,2.767615795
97,kaggle,5,JP,word_tfidf,lgr,"[[770 274]
 [185 498]]",0.734221193,0.7274606379999999,0.80479404,3.427850485
98,kaggle,5,JP,word_tfidf,svc,"[[789 255]
 [165 518]]",0.7568037059999999,0.750664126,0.833309492,316.7372856
99,kaggle,5,JP,word_tfidf,lgb,"[[857 187]
 [172 511]]",0.792125072,0.78343224,0.8695859490000001,130.9039192
0,kaggle,1,JP,combo,cnb,"[[746 298]
 [226 458]]",0.6967592592592593,0.6880952380952381,0.7594104994286482,0.2548365592956543
1,kaggle,1,JP,combo,rf,"[[967  77]
 [291 393]]",0.7870370370370371,0.7606240974994241,0.8720767235777822,5.344313859939575
2,kaggle,1,JP,combo,lgr,"[[815 229]
 [253 431]]",0.7210648148148148,0.7065746753246754,0.7794708274517711,38.35267424583435
3,kaggle,1,JP,combo,svc,"[[846 198]
 [177 507]]",0.7829861111111112,0.7742996235192331,0.841680250274473,2328.226860523224
4,kaggle,1,JP,combo,lgb,"[[900 144]
 [179 505]]",0.8130787037037037,0.8027731143808091,0.8818464184087292,674.6634819507599
5,kaggle,2,JP,combo,cnb,"[[700 344]
 [201 483]]",0.6846064814814815,0.6795530292848162,0.7466251036275235,0.25232458114624023
6,kaggle,2,JP,combo,rf,"[[978  66]
 [273 411]]",0.8038194444444444,0.7801489588083295,0.8734847975622325,4.95536732673645
7,kaggle,2,JP,combo,lgr,"[[794 250]
 [211 473]]",0.7332175925925926,0.7236823620862429,0.8070259460912819,40.20607233047485
8,kaggle,2,JP,combo,svc,"[[813 231]
 [173 511]]",0.7662037037037037,0.7588376318753066,0.8484846575250387,2223.3271484375
9,kaggle,2,JP,combo,lgb,"[[893 151]
 [183 501]]",0.8067129629629629,0.7962264150943397,0.8874240998409177,678.9061672687529
10,kaggle,3,JP,combo,cnb,"[[741 303]
 [218 465]]",0.698320787492762,0.6904137246920797,0.7611723969640363,0.26329803466796875
11,kaggle,3,JP,combo,rf,"[[975  69]
 [281 402]]",0.7973364215402432,0.7722665963378796,0.8752285948289886,5.139811992645264
12,kaggle,3,JP,combo,lgr,"[[776 268]
 [217 466]]",0.719166184134337,0.7098161777060861,0.7863115172525987,36.40015459060669
13,kaggle,3,JP,combo,svc,"[[819 225]
 [177 506]]",0.7672264041690793,0.7593206589566521,0.8397073425220041,1821.8926315307615
14,kaggle,3,JP,combo,lgb,"[[881 163]
 [169 514]]",0.8077591198610307,0.7986670599471881,0.8894498577943826,344.59792733192444
15,kaggle,4,JP,combo,cnb,"[[742 302]
 [194 489]]",0.7127967573827446,0.7064978139605005,0.7749687259835187,0.1575772762298584
16,kaggle,4,JP,combo,rf,"[[973  71]
 [299 384]]",0.7857556456282571,0.7575549930035119,0.8767046442615686,3.969781637191773
17,kaggle,4,JP,combo,lgr,"[[790 254]
 [217 466]]",0.7272727272727273,0.7173233646782526,0.7920193758659957,20.607250213623047
18,kaggle,4,JP,combo,svc,"[[798 246]
 [171 512]]",0.7585408222350898,0.7517320622063457,0.8414589679294076,1353.136687040329
19,kaggle,4,JP,combo,lgb,"[[908 136]
 [174 509]]",0.8204979733642154,0.8103762651735824,0.8913711762956978,290.5642969608307
20,kaggle,5,JP,combo,cnb,"[[753 291]
 [215 468]]",0.7070063694267515,0.6988037103316301,0.7751019560985735,0.14360880851745605
21,kaggle,5,JP,combo,rf,"[[952  92]
 [295 388]]",0.7759119861030689,0.7491590143193694,0.8570216477900631,3.720637083053589
22,kaggle,5,JP,combo,lgr,"[[779 265]
 [241 442]]",0.7070063694267515,0.6954080921309463,0.770006956014428,19.507999658584595
23,kaggle,5,JP,combo,svc,"[[810 234]
 [172 511]]",0.7649102489866821,0.7576457038886629,0.8330584585696417,1351.4738540649416
24,kaggle,5,JP,combo,lgb,"[[873 171]
 [169 514]]",0.8031268094962363,0.7942353086295156,0.874779118493462,290.06799960136414
25,kaggle,1,JP,char_tf,cnb,"[[735 309]
 [258 426]]",0.671875,0.6610361587585276,0.7252022137079609,0.0474393367767334
26,kaggle,1,JP,char_tf,rf,"[[970  74]
 [378 306]]",0.7384259259259259,0.6931123796112355,0.8401923550895117,1.3341686725616455
27,kaggle,1,JP,char_tf,lgr,"[[828 216]
 [214 470]]",0.7511574074074074,0.7399976205639264,0.8098406936882436,2.941376209259033
28,kaggle,1,JP,char_tf,svc,"[[836 208]
 [197 487]]",0.765625,0.7556580707308156,0.8263965909345523,364.1936240196228
29,kaggle,1,JP,char_tf,lgb,"[[890 154]
 [163 521]]",0.8165509259259259,0.8077859572331334,0.8786465685286012,20.073507070541385
30,kaggle,2,JP,char_tf,cnb,"[[674 370]
 [226 458]]",0.6550925925925926,0.649617871840094,0.7098149268445699,0.03989315032958984
31,kaggle,2,JP,char_tf,rf,"[[987  57]
 [351 333]]",0.7638888888888888,0.7244135485414351,0.8555852434406579,1.225745677947998
32,kaggle,2,JP,char_tf,lgr,"[[776 268]
 [201 483]]",0.7285879629629629,0.7205536983623176,0.8060064753198449,2.9622678756713867
33,kaggle,2,JP,char_tf,svc,"[[791 253]
 [180 504]]",0.7494212962962963,0.7423129443814004,0.8315373563218389,364.781263589859
34,kaggle,2,JP,char_tf,lgb,"[[878 166]
 [161 523]]",0.8107638888888888,0.8024251396610931,0.8853039367255944,15.35814881324768
35,kaggle,3,JP,char_tf,cnb,"[[716 328]
 [238 445]]",0.6722640416907932,0.6639902264902265,0.7255501702540629,0.038893699645996094
36,kaggle,3,JP,char_tf,rf,"[[987  57]
 [337 346]]",0.7718587145338738,0.7354078007565577,0.8649411263133684,1.2239997386932373
37,kaggle,3,JP,char_tf,lgr,"[[781 263]
 [205 478]]",0.7290098436595251,0.7204032213427797,0.8019457206487044,2.99053168296814
38,kaggle,3,JP,char_tf,svc,"[[800 244]
 [187 496]]",0.7504342790966995,0.7424540147738168,0.8251417848908634,363.32461953163147
39,kaggle,3,JP,char_tf,lgb,"[[878 166]
 [161 522]]",0.8106543138390272,0.8022514236851201,0.8916166001918514,18.25690245628357
40,kaggle,4,JP,char_tf,cnb,"[[700 344]
 [212 471]]",0.6780544296467863,0.6722924362681257,0.7369266196574723,0.03889632225036621
41,kaggle,4,JP,char_tf,rf,"[[995  49]
 [371 312]]",0.7568037058482918,0.7117136452520628,0.8548282593695831,1.2172834873199463
42,kaggle,4,JP,char_tf,lgr,"[[761 283]
 [191 492]]",0.7255356108859293,0.7187110847208822,0.7987075276417429,2.9172616004943848
43,kaggle,4,JP,char_tf,svc,"[[782 262]
 [173 510]]",0.7481181239143022,0.7417110617164253,0.8263177159590044,363.3853254318237
44,kaggle,4,JP,char_tf,lgb,"[[905 139]
 [161 522]]",0.8262883613202084,0.8173028097494922,0.8917301963952139,11.736762523651125
45,kaggle,5,JP,char_tf,cnb,"[[734 310]
 [237 446]]",0.6832657788071801,0.6742054466415022,0.7421282038336615,0.04089021682739258
46,kaggle,5,JP,char_tf,rf,"[[987  57]
 [361 322]]",0.7579617834394905,0.7158269246515379,0.842885932582757,1.1540358066558838
47,kaggle,5,JP,char_tf,lgr,"[[755 289]
 [203 480]]",0.7151129125651419,0.7077013895195714,0.7913265792677111,2.9012644290924072
48,kaggle,5,JP,char_tf,svc,"[[799 245]
 [180 503]]",0.7539085118702953,0.7464604290353458,0.8172145930451076,363.86920189857483
49,kaggle,5,JP,char_tf,lgb,"[[869 175]
 [180 503]]",0.7944412275622467,0.784774692451273,0.8705648395909416,20.2221896648407
50,kaggle,1,JP,word_tf,cnb,"[[759 285]
 [211 473]]",0.7129629629629629,0.7048786097869697,0.783152405278842,0.03989315032958984
51,kaggle,1,JP,word_tf,rf,"[[984  60]
 [336 348]]",0.7708333333333334,0.7349249735036537,0.8593550446998722,1.2469770908355713
52,kaggle,1,JP,word_tf,lgr,"[[816 228]
 [213 471]]",0.7447916666666666,0.7341964081104753,0.8147475969617531,3.211207628250122
53,kaggle,1,JP,word_tf,svc,"[[850 194]
 [183 501]]",0.7818287037037037,0.7725508460876976,0.8394851672604243,341.7425196170807
54,kaggle,1,JP,word_tf,lgb,"[[886 158]
 [168 516]]",0.8113425925925926,0.8022775039275781,0.8750406107862247,17.368815183639526
55,kaggle,2,JP,word_tf,cnb,"[[715 329]
 [190 494]]",0.6996527777777778,0.6946583806100008,0.7767485044027693,0.03989219665527344
56,kaggle,2,JP,word_tf,rf,"[[989  55]
 [323 361]]",0.78125,0.7479611051088131,0.8570136228182205,1.2382707595825195
57,kaggle,2,JP,word_tf,lgr,"[[794 250]
 [190 494]]",0.7453703703703703,0.7374571130227239,0.8215239967735429,2.8489506244659424
58,kaggle,2,JP,word_tf,svc,"[[814 230]
 [174 510]]",0.7662037037037037,0.7587366185968327,0.8482514955972307,343.068745136261
59,kaggle,2,JP,word_tf,lgb,"[[888 156]
 [190 494]]",0.7997685185185185,0.7887879811272498,0.8800861508816742,23.42105579376221
60,kaggle,3,JP,word_tf,cnb,"[[747 297]
 [207 476]]",0.7081644470179502,0.7007969507969508,0.7843719672618547,0.046875
61,kaggle,3,JP,word_tf,rf,"[[994  50]
 [322 361]]",0.7845975680370585,0.7511681591423172,0.8721187234591586,1.2564194202423096
62,kaggle,3,JP,word_tf,lgr,"[[778 266]
 [208 475]]",0.7255356108859293,0.7168186472574307,0.8015796884378699,3.062249660491944
63,kaggle,3,JP,word_tf,svc,"[[816 228]
 [181 502]]",0.7631731325998842,0.7550764875605641,0.8378316027442598,341.4689936637878
64,kaggle,3,JP,word_tf,lgb,"[[886 158]
 [165 518]]",0.8129704690214244,0.8040743140839556,0.8872873226637047,29.738884925842285
65,kaggle,4,JP,word_tf,cnb,"[[767 277]
 [196 487]]",0.7261146496815286,0.7187208281725777,0.7948873293953316,0.04787111282348633
66,kaggle,4,JP,word_tf,rf,"[[997  47]
 [356 327]]",0.76664736537348,0.7253027179591013,0.8659214194757185,1.2407166957855225
67,kaggle,4,JP,word_tf,lgr,"[[796 248]
 [185 498]]",0.7492762015055009,0.7415818711176769,0.8175182174652059,3.000810384750366
68,kaggle,4,JP,word_tf,svc,"[[806 238]
 [180 503]]",0.7579617834394905,0.7502746720540211,0.8363836017569547,342.2084398269653
69,kaggle,4,JP,word_tf,lgb,"[[896 148]
 [180 503]]",0.8100752750434279,0.7997029786993295,0.8838163275609634,18.278980731964108
70,kaggle,5,JP,word_tf,cnb,"[[777 267]
 [194 489]]",0.7330631152287204,0.7254272594181581,0.7977636974582499,0.04288411140441895
71,kaggle,5,JP,word_tf,rf,"[[969  75]
 [347 336]]",0.7556456282570932,0.7177230192420909,0.8506027610889528,1.227254867553711
72,kaggle,5,JP,word_tf,lgr,"[[765 279]
 [180 503]]",0.7342211928199189,0.7279600945129956,0.8063591435126752,2.9966726303100586
73,kaggle,5,JP,word_tf,svc,"[[804 240]
 [172 511]]",0.7614360162130863,0.7543656876147866,0.8321749325434892,340.8865463733673
74,kaggle,5,JP,word_tf,lgb,"[[855 189]
 [168 515]]",0.7932831499710481,0.7849479355784534,0.8644152179644682,15.299216508865356
